6.1,3.3125,6.25,6,6.25,5.777777778,3.625,4.214285714,6.857142857,6.214285714,6.571428571,3.958333333,4,5.75,6.625,3.214285714,1.9375,2.708333333,3.833333333,4.75,4.25,2.1875,5.866666667,5.928571429,2.388888889,6.5,2.1,4.458333333,3.923076923,3.7,6,2,5.9,6.166666667,4.833333333,5.285714286,5.25,6.642857143,6.041666667,2.916666667,4.4,2.0625,5.8125,5.2,6.125,6,2.5,3.875,6.1,5.8,6.833333333,4.766666667,5,4.5,2.566666667,5.444444444,3.7,6.166666667,5.75,5.5625,5.857142857,2.958333333,5.333333333,2.0625,5.928571429,3.857142857,0.107142857,1.166666667,6.5,6.5,5.6,5.555555556,5.875,4.944444444,1.388888889,2.7,5.1,4.9375,4.3125,6.666666667,5,5,6.5625,5.1,5.083333333,7,6.5,5.285714286,7,3.35,5,2.666666667,5.55
5.6,2.3125,5,3.333333333,6.25,4.666666667,5.136363636,4,6.25,3.125,3.214285714,3.75,6.25,5.214285714,6.285714286,3.2,4.928571429,5.875,4.95,5.75,6.363636364,5.375,1.7,2.928571429,5.8125,5.555555556,6.166666667,5.125,3.1,5.214285714,6.5,4.5,2.125,6.083333333,5,5,0.611111111,4.5,4.166666667,5.85,5,5.4,4.2,5.821428571,6,3.833333333,4,5.642857143,6,2.083333333,4.1875,4.857142857,4.611111111,2.833333333,6.333333333,4.083333333,4.75,3.625,6.055555556,5.25,3.5,6.428571429,4.4,5.416666667,6,6,2.666666667,3.875,5.125,6.6,6.5,5.583333333,4.95,5.8125,2.916666667,5.611111111,5.9,6.833333333,3.888888889,6.777777778,5.666666667,6.55,5.5,4.611111111,5.75,4.75,2.1,6.571428571,4.1,3.5625,3.625,5.9,0.875
6.1,5.5,5.785714286,4.375,4.5625,3.3125,6.277777778,6.083333333,2.833333333,3.666666667,4.8,4.2,5.428571429,4.625,3.125,5.5,5.583333333,2.5625,5.318181818,3.5,5.3,6.5625,5.2,3.9,3.333333333,4.666666667,4.857142857,5.9,6.333333333,4.545454545,3.625,6.125,5.71875,4.875,4.15,3.083333333,5.791666667,4.5,5.666666667,5.666666667,6.142857143,6.25,3.590909091,5.666666667,5.714285714,5.5,4.384615385,5.666666667,6.571428571,6,4.5,6.5,5.75,5.125,6.8125,5.785714286,6.05,3.615384615,4.3125,6.214285714,2.571428571,5.571428571,6.277777778,5.777777778,5.772727273,5.4375,6.142857143,5.727272727,6.875,5.772727273,3.3125,1.333333333,5,5.7,3.9375,5.0625,5.928571429,4.071428571,6.857142857,5.083333333,5.714285714,3.9,6.5,4.0625,5.4375,4.9,5.75,4.555555556,6.125,3.166666667,5.727272727,2.714285714,4.142857143
6,5.25,4.285714286,4.857142857,1.636363636,6,4.269230769,4.928571429,5.6,5.65,3.75,2.375,6.222222222,2.625,3.15,5.333333333,5.055555556,2.875,5.416666667,4.692307692,4.125,0,6.8,6.1,3.3,4.681818182,5.5,4.388888889,4.625,5.25,4.944444444,5.3,3.388888889,4.045454545,2.875,4.7,6.9375,5.642857143,6.777777778,5.85,4.875,3.111111111,5.3125,5.8125,5.571428571,5.416666667,5.7,1.571428571,4.642857143,5,5.428571429,5.0625,3.9375,5.5,6.5625,5.5,4.166666667,6.1875,5,2.454545455,5.7,0.5,6.214285714,4.6,2.555555556,6.285714286,4,5.583333333,5.8,3.583333333,5.444444444,4.392857143,6,2.5,2.285714286,0.166666667,4.125,5.5,3.857142857,4.227272727,2.4,6.46875,5.727272727,2.142857143,5,2.55,3.5,5.5625,4.571428571,4.3,6.388888889,5.333333333,3
6.625,6.125,4.857142857,3.5,6.75,5.3,5.944444444,4.833333333,6.5,2.642857143,6.625,5.05,6,5.3125,5.25,5.846153846,5.333333333,2.1875,5.111111111,4.166666667,4.5,3.5,4.25,6.375,4.727272727,5.9,3.583333333,4.857142857,6.75,2.611111111,1.916666667,5.8,5.166666667,3.388888889,5.428571429,2.909090909,6.45,4,2.642857143,6.416666667,5.388888889,0.125,5.142857143,3.3125,2.0625,2.9,6.666666667,5.8,6.785714286,5.416666667,5.466666667,4.4375,4.7,5.75,5,5.2,2.75,4.8,3.625,4,6.444444444,2.5,4.8,4.9375,6.142857143,5.055555556,6.058823529,6.318181818,5.277777778,5.75,5.5,6.7,6,4.785714286,2,5.4375,1.666666667,5.8,5.5625,4.866666667,5.166666667,2.5,5.571428571,5.75,5.214285714,6.375,4.666666667,4.4,6.285714286,5.416666667,4.888888889,5.25,3.6875
3.8,5.857142857,6.611111111,5.375,5.583333333,5.714285714,4.875,4.833333333,6.363636364,3.730769231,6.0625,4.1875,5.5,5.9,5.944444444,5.75,5.785714286,5.2,4.923076923,6.055555556,6.142857143,5.590909091,2.5,6.5,6,4.409090909,5.142857143,6.142857143,3.166666667,5.277777778,6.181818182,5.7,0.428571429,4.95,1.3,2.1,3.666666667,6.083333333,6.541666667,6.571428571,6.5625,4.625,5.125,5,3.125,5.85,3.4,5.428571429,3,5.0625,5.916666667,4.6875,5.9,6.571428571,4.333333333,5,3.45,6.333333333,2.75,6.071428571,4.571428571,3.576923077,5.730769231,5.666666667,5.5,6.125,3.75,5.833333333,6.7,3.541666667,3.222222222,5.85,5.416666667,2.666666667,5.5,4.625,5.277777778,6.55,6.416666667,4.25,3.4,6.583333333,4.9375,5.25,4.4375,5.5,2.714285714,5.416666667,3.25,6.666666667,2.1,5.214285714,4.833333333
3.3125,5.857142857,4.2,5.75,2.4375,6.75,5.833333333,1.888888889,4.25,5,3.454545455,6.166666667,5.25,3.9,4.5,3.3,3.2,3,5.75,5.5,5.863636364,5.454545455,2.277777778,3.142857143,2.125,5.333333333,5.285714286,5.4375,5.5,4.8,5.5,5.625,5.25,2.3,5.125,4.55,3.75,5.666666667,4.625,3.833333333,1.75,6.222222222,6.25,4.857142857,5.8125,5,6,4.875,6.666666667,6.055555556,2.555555556,4.95,4.571428571,2.4,2.928571429,3.25,6.566666667,1.8125,3.9375,3.227272727,4,5.5625,4.333333333,5.9,5.6875,4.8125,5.785714286,4.785714286,1.857142857,4.428571429,3.1,5.136363636,3.25,5.833333333,2.318181818,5.041666667,6.5,5.8125,3.416666667,6,4.35,3.4,4.071428571,6.0625,5.944444444,6.25,5.291666667,5.611111111,4.9375,5.5625,5.214285714,3.875,3.25
4.25,6.333333333,3.25,6.777777778,5.875,5.333333333,2.35,6.5,4.625,4.153846154,5.571428571,4.25,3.777777778,6.45,3.25,5.772727273,3.678571429,4.4,6.15,5.055555556,4.25,4.7,6.5,6.388888889,6.375,3.142857143,4,6.166666667,4,6.65,4.416666667,5.277777778,6.083333333,5.785714286,4.083333333,2.944444444,7,4.6,6.5,5,3.25,4.75,5.375,5.769230769,2.388888889,3.3125,6.125,6.428571429,4.076923077,4.25,3.75,6.277777778,5.05,5.2,1.571428571,3.25,5.8125,4.5625,6.25,2.277777778,5.5,5.357142857,6.214285714,4.6,5.571428571,2.6,4,4,6.045454545,5.833333333,6.214285714,5.625,5.4375,2.5,5.4,5.35,5.083333333,2.954545455,4.7,5.111111111,3.5,5.75,6.4375,3.958333333,4.5,4.166666667,5.363636364,4.8125,2.25,4.666666667,5.05,4.6,3.142857143
5.45,1.888888889,5.125,5.714285714,4.681818182,4.333333333,6.55,5.857142857,5.833333333,5.75,5.416666667,4.285714286,5.363636364,5.636363636,3.6875,6.409090909,5.954545455,6,3.95,2.9,4.2,1.25,5.333333333,6.625,3.954545455,3.875,6.5625,5.375,6.722222222,5.8,6.3125,5.846153846,6.25,3.625,4,6.388888889,5.5,6.2,5.5,3.7,5,3.8,5.6,6.222222222,5.625,6,4.136363636,6.0625,5.25,2.571428571,4.285714286,3.352941176,5.642857143,2.5,6.2,6.1,6,3.285714286,5,5.222222222,6.5,5.333333333,5.045454545,2,5.071428571,4.083333333,3.25,6.75,6.111111111,5.1,6,4.416666667,5.590909091,6.181818182,2.777777778,3.142857143,6,5.45,6,4.55,4.5,6.625,2.625,5.4,5.75,5.875,6.625,5.136363636,4.9375,1.083333333,5.0625,5.875,6.25
2.25,5.8125,5.083333333,6,4.333333333,6.5625,3.833333333,3.75,4.6875,4.045454545,4.444444444,4.863636364,5.1875,5.5,3.611111111,4.166666667,3.5,5.357142857,4.866666667,6.25,6.208333333,5.6875,5.666666667,3.875,4.642857143,5.545454545,6.214285714,5.9,6.083333333,6.423076923,2.625,4.6875,3.6875,5.166666667,5.142857143,4.423076923,0.9375,3.3,4.785714286,4.857142857,3.928571429,5.714285714,5.6,6.625,6.625,4.727272727,5.409090909,2.0625,5.25,6.75,2.545454545,1.666666667,6,5.8,3.642857143,3.125,6.05,5.5,7,4.125,6.285714286,3.785714286,5.9,6.1,4.2,6,4.1875,6.722222222,3.85,6.1875,3.1875,5.55,4.142857143,6,5.071428571,5.75,2.625,4.318181818,5.9375,4.2,5.4375,2.714285714,3.214285714,4.9375,3.833333333,5.888888889,3.875,2.8125,6.1875,4.571428571,5.5,4.888888889,6.375
2.75,5.714285714,6.071428571,6,4.714285714,6.444444444,6.5,1.071428571,6.25,5.866666667,3.2,5.409090909,5.571428571,4.8,5.5625,3.35,6.142857143,6.5,6.083333333,4.214285714,6.5,6.75,4.818181818,6.3,5.375,5.9375,4.9375,4.75,3.75,5.333333333,6.357142857,4.8125,4.954545455,5.25,1.285714286,5.583333333,5.583333333,4.416666667,4.666666667,2.785714286,1.388888889,3.5,5.785714286,5.111111111,6,5.75,4.375,4.5,6.9,1.714285714,3.666666667,5,6.333333333,2.4,3.666666667,5,5.4,5.5,5.666666667,4.8,2,6.125,5.0625,5.357142857,6.277777778,3.083333333,6,6.6875,4.375,3,6.136363636,5,2.625,4.666666667,6.0625,4.333333333,5.785714286,6.285714286,3.583333333,3.083333333,4.9,4.888888889,2.833333333,5.5625,6.5,3.857142857,6.5,6.125,5.5,5.625,4.5,6.25,6
6.3,6.111111111,5.166666667,5.85,5.75,6.375,5.944444444,5.454545455,3.1,5.5,6.357142857,2.375,4.944444444,5.125,5.333333333,5,6.214285714,4.357142857,5.142857143,4.583333333,5,3.8,5,6.111111111,4.045454545,6,4.454545455,4.25,4.625,6.375,4.666666667,6.8125,2.8125,5.625,3.928571429,5.833333333,2.833333333,4.888888889,4.5625,4.25,5.944444444,4.083333333,3.1,3.666666667,1.833333333,5.5,3.625,0.5,1.111111111,0.3125,4.75,5.636363636,6,6.75,5,6.230769231,2.5,5.25,5.666666667,4.363636364,3.4375,6,3.454545455,6,5.083333333,4.733333333,5.1,2.318181818,3.6,6.666666667,4.8,5.4375,2.75,3.884615385,4.083333333,4.9,5.875,4.590909091,3.785714286,6.541666667,5.35,4.541666667,4.571428571,5.666666667,5.090909091,4.5,5.9375,2.125,6.1,2.75,5.9,5,5.625
6.230769231,6.111111111,4.833333333,3.65,3.5,4.833333333,6.3125,5.333333333,3,5.666666667,6.111111111,4.75,2.928571429,3.7,1.666666667,5.1875,1.818181818,6.363636364,2.714285714,5.5625,6.222222222,5.888888889,4.3,4.3125,6.25,5.727272727,5.5,5.875,2.3,4.285714286,6.5,4.7,5.666666667,4.166666667,3.125,5.125,5.1,5.166666667,5.95,3.777777778,5.944444444,2.5,5,4.333333333,6.5,2.666666667,5.5,6.142857143,5.5,3.333333333,3.285714286,6,6.333333333,6,5.0625,2.4,4.5625,2.214285714,2.722222222,6.3,5.045454545,6.416666667,3,5.777777778,6.214285714,2.571428571,5.65,5.285714286,2.888888889,3.807692308,2.3,5.285714286,5.25,5.2,6.214285714,5.5,6,6.2,5.7,6.388888889,6.1875,5,5.5,5.5,1.75,5.45,5.142857143,4.722222222,4.875,3.7,5.53125,3.5,6.375
5.944444444,5.933333333,3.875,6.5,6.428571429,5.1,2.3,3.5,3.9,5.409090909,3.111111111,3.045454545,4.25,2.722222222,6.409090909,2.916666667,3.928571429,5.464285714,4.2,4.05,5,5.5,5,5.5,4,6.166666667,3.375,6.269230769,5.611111111,3,2.590909091,3,4.909090909,4.25,3.9375,5.090909091,4.928571429,3.625,2.833333333,5.785714286,6.142857143,5.555555556,5.583333333,1.6,3.444444444,5.0625,6.7,6.6875,6.15,6.5,6.222222222,5.4,3.916666667,6.55,4.833333333,4.909090909,5.5,0.375,4.125,5.571428571,6.388888889,5.65,5.3125,5.363636364,6.55,5.5,5.1,0.2,6.090909091,4.75,6,2,6.333333333,4.75,5.5,4.65,4.142857143,4.777777778,4.8,3.2,6.428571429,4.9,5.5,4.833333333,6.5,4.090909091,5.625,5.9375,6.214285714,5.6,3.8125,4.5,2.928571429
3.125,5.083333333,4.555555556,6.357142857,5.714285714,6.25,4.3,6,3,5.111111111,6.25,4.857142857,5.230769231,4.833333333,5,1.9,4.863636364,2.166666667,4.5,5.928571429,5.75,5.3125,5.055555556,4.722222222,4.5,2.916666667,5.785714286,4.833333333,5.444444444,5.45,5.5,4.791666667,2.444444444,6.416666667,7,6.25,5.5625,5.6,5.583333333,2.5625,5.222222222,6.3,3.75,5.75,5.833333333,3.166666667,5.5,5.1875,6,6.214285714,6,4.454545455,5.363636364,5.55,5.833333333,3.583333333,1.0625,6.166666667,4.95,6.285714286,2.4,5.416666667,6.25,6.857142857,5.083333333,4.071428571,5.95,5.15,6.5625,5.6,4.1875,2.95,5.166666667,1,4.5,2.625,5.583333333,0.428571429,3.25,4.714285714,3.5,3.954545455,5,5.416666667,5,6.5,5.777777778,5.75,2.571428571,6.269230769,2,5.722222222,1.285714286
3.409090909,4.416666667,4.75,3.75,4.454545455,3.464285714,5.333333333,6.166666667,6.125,6.125,2,5.125,2.8125,4,5.25,4.75,3.615384615,4.8,3.928571429,5.5,4.1,4.25,4.5,6,1,6.3,3.3125,6.416666667,3.4375,5.055555556,4.625,2.555555556,6,5.25,4.318181818,6.833333333,3.625,3.821428571,6.166666667,5.333333333,2.9,5.681818182,6.214285714,3.214285714,2.428571429,5.666666667,5.0625,5.5625,2.055555556,5.642857143,5.25,6.428571429,2.214285714,5.7,2.2,3.4,5.909090909,2.5,5.9,4.25,4,4.375,5.633333333,5.857142857,5.571428571,4.2,3.916666667,3.3,2.75,2.625,2.6,6,2.25,5.625,5.55,5.214285714,4.333333333,6.416666667,5.666666667,3.035714286,2.714285714,3.357142857,6.230769231,2.75,6,3,1.888888889,6.25,6.181818182,4.5,3.333333333,3.642857143,4.727272727
4.333333333,5.7,4.444444444,4.125,6.625,6,6.045454545,3.583333333,6.25,4.541666667,1.142857143,5.75,3.375,5.5,5.5625,6.285714286,5.583333333,3.428571429,5.363636364,4.95,6.541666667,6.2,4.555555556,4,6.454545455,6.25,5.333333333,4.454545455,5,6,4,6.1,5.9375,2.2,1.083333333,3.928571429,5.625,5.7,2.75,4.416666667,4.681818182,5.933333333,5.8125,3.888888889,6.583333333,5.45,5.5,6.166666667,6.642857143,3,2.6,3.166666667,5.5,5.25,3.125,6.833333333,3.125,5.75,6.357142857,5.833333333,5.772727273,5.916666667,4.857142857,4.166666667,2.625,3.583333333,6.333333333,5.65,6.0625,3.083333333,5.75,3.75,4.75,3.75,6.125,3.6875,3.625,4.611111111,4.5625,6.590909091,6.166666667,5.285714286,5.142857143,6.375,3.944444444,2.3,5.3125,5.9,5.227272727,1.090909091,4.95,5.722222222,6.384615385
5.818181818,3.5,4.055555556,6.5,3.611111111,3.375,5.5625,3.777777778,3.285714286,3.833333333,6.45,3.458333333,6.055555556,6.388888889,5.833333333,5.2,4.1875,5,5.583333333,6.111111111,3.071428571,6.416666667,6.142857143,4,3.722222222,2.25,3.333333333,4.083333333,6.166666667,6.181818182,5.5,5.642857143,6.277777778,6.7,5.916666667,4.928571429,1.75,5.285714286,5.8,2.090909091,3.75,5.75,4.4375,5.277777778,6.4375,3.857142857,5.857142857,7,6.136363636,6,5.9375,2.285714286,5.1875,5,1.5,6.363636364,5.75,5.9375,6.454545455,3.25,4.7,3.6875,4.15,3.083333333,6.416666667,4.5,5.2,6.318181818,3.9,5.071428571,2.25,5.166666667,4.5,4.1,6.25,5.875,5.055555556,5.458333333,1.833333333,4.954545455,6.25,4.555555556,3.25,3.666666667,4.875,4,3.375,6.166666667,2.928571429,6.416666667,5.583333333,5.714285714,6.722222222
3.041666667,3.4,5.6,5.357142857,5.9,6.4,5.85,4.1,6,4.272727273,5.875,5.9375,2.875,0.9,6.071428571,3.083333333,6.25,5.375,6.392857143,5.75,6.454545455,5.2,6.1875,4.333333333,6.333333333,6.333333333,5.083333333,4.357142857,6.388888889,6,4.083333333,5.055555556,6.25,2.375,5.333333333,6.833333333,2.8125,4.5,1.363636364,4,5.05,2.916666667,2.4375,4.25,6.4,5.5,4.888888889,6.1,6.166666667,2.807692308,5.75,5.8125,4.318181818,5.916666667,5.625,4,6,5.142857143,5.777777778,6.0625,3.833333333,6.5,3.2,6.375,3.428571429,4.375,3.545454545,4.944444444,4.625,1,2.6,5.5,6.722222222,5.772727273,4.333333333,2.785714286,6.583333333,6.4,3.75,3,5.285714286,5.727272727,2.227272727,3.1,4.833333333,4.375,5.75,3.5,5.9375,5.875,5.357142857,5,4.125
4.2,5.55,6.65,3.208333333,6.5,2.3,3.428571429,2.8,4.45,4.269230769,2.666666667,4.5,2.583333333,5.833333333,3.5,0.083333333,1.222222222,6,4.833333333,5,3.944444444,5.5,4.214285714,4.3,3.722222222,6.111111111,6.5,2.6,5.125,5.5,4,4.916666667,4.111111111,5.05,4.3,6.6875,6.5,6.291666667,2.142857143,6.25,2.75,5.2,6.142857143,5.4,4.538461538,5.227272727,6.125,2.714285714,4.357142857,6,6.25,5.1,5.230769231,3.65,4.375,4.35,6.4,3.538461538,3.388888889,4.75,6,3.416666667,4.857142857,1,5.318181818,6,5.75,5,4.777777778,5.3,4.111111111,3.5,4.357142857,5,5.75,6.75,5.6,5.75,6.5,6.277777778,4.85,5.25,4.8,3.75,5.75,5,5.3,3.5,6.791666667,5.714285714,2.25,5.954545455,2
4.611111111,6.9,5.785714286,6.375,4.375,6.166666667,1,6.375,4,5.95,3.166666667,5,5,2.944444444,6.230769231,2.033333333,3,3.2,4.535714286,6.25,3.6,6.5,5.944444444,4.111111111,5.625,4.642857143,4.928571429,5.722222222,5.928571429,2.8125,5.85,5.375,5.45,4.777777778,1.833333333,5.208333333,3.5625,5.428571429,4.722222222,4,6.0625,5.875,5.428571429,2.555555556,4.8125,3.625,4.555555556,5,2.571428571,1.7,3.125,4,2.875,6.291666667,6.2,4.3125,5.821428571,6.291666667,3.5,4,5.4,5.25,1.571428571,4.75,4.9,4.4375,4.25,5.444444444,4.7,4.85,5.45,3.25,4.571428571,5,4.227272727,4.8,6,5.136363636,5.444444444,3.222222222,6.0625,5.785714286,5.5,5.3,4.55,3.4,5,4.45,4.083333333,4.55,5.2,5.8,2.75
5.5,5.375,6.5,3.722222222,5.6,6,5.6875,6,4.7,4.75,2.666666667,4.666666667,2.583333333,6.083333333,5.916666667,5.454545455,5.7,6.285714286,0.583333333,6.75,3.333333333,5.083333333,5.142857143,5.7,3.666666667,4.642857143,6,6.7,6.722222222,4.5,5.8,5.083333333,3.291666667,1.95,6.46875,5.2,5.954545455,6.1,6.0625,5.65,7,4.555555556,4.95,5.5,3.214285714,2.227272727,6.75,6.611111111,4.666666667,4.045454545,4.777777778,6.35,6.333333333,5.214285714,6.416666667,6.722222222,4.8,5.944444444,2,4.0625,3.888888889,5.791666667,3.833333333,4.3,5.416666667,5.75,4.0625,3.642857143,5.111111111,5.766666667,5.5,4,5.428571429,5.25,3.5,4.666666667,6.111111111,6.384615385,5.346153846,5.333333333,0.214285714,4.727272727,1.636363636,4.6,0.25,4.944444444,4.777777778,4.166666667,6.375,4.7,6.357142857,4.8,3.857142857
5.928571429,5.285714286,1.9,6.4,5.769230769,5.833333333,4.2,6.25,4.6875,5.7,5.8125,6,3.05,5.75,3.428571429,5.388888889,5.625,3.1,4.5,6.625,5.583333333,5.277777778,1.055555556,4.888888889,3.8125,4.916666667,6,4.875,6.4,2.75,5.166666667,4.6,1.833333333,3.666666667,2.444444444,5.5625,4.5,4.9375,4.5,5.125,4.5,5.6875,6.071428571,4.7,2.428571429,5.9,6.444444444,4.666666667,5.666666667,5,5.3,6.25,1.055555556,4.285714286,6.125,4,6.590909091,3.166666667,2.285714286,4,4.625,5.8,2.625,3.090909091,5.785714286,5.375,2.5,3.083333333,6.5,5.7,5.45,6.5,1.083333333,5.642857143,5.666666667,5.428571429,4.666666667,3.6,4.8,4.95,4.888888889,1.571428571,2.954545455,5.5,4.583333333,4.818181818,4.5,5.714285714,6,6.222222222,5.5625,5.5,5.9
5.357142857,5.888888889,4.7,6.055555556,2.625,5.285714286,4,3.571428571,4.5,6,2.625,5.285714286,6.35,3.111111111,5.916666667,5.3125,5.75,6.142857143,4.5,4.666666667,5.8,6.083333333,3.428571429,5.125,6.214285714,3.84375,5.5,5.1,6.3125,1.083333333,4.166666667,5,6.5,3.916666667,2.5,4.045454545,2.857142857,5.125,5.3125,5.666666667,3.666666667,5.7,5.928571429,2.7,5.461538462,5.6,6.083333333,2.5,4.333333333,3.5,6.125,5.59375,0.777777778,5,6.2,1.25,4,5,5.153846154,5.666666667,6.75,4.083333333,4.9375,2.5,4.375,3.75,4.416666667,4.8,5.916666667,4.375,2.833333333,2.6,6.35,5.285714286,5.318181818,5.6,5.8125,6.05,5.25,4.666666667,2.214285714,2.5,5.9375,3.666666667,2.214285714,3.15,5.916666667,3.5625,6.0625,4.666666667,4.041666667,2.714285714,5.916666667
5.346153846,6.125,7,3.833333333,2.785714286,5.125,6.666666667,2.833333333,4.666666667,5.291666667,4.75,3.75,6,6.333333333,6.071428571,6.5,2.727272727,4,6,6.6875,3.7,5.727272727,2.954545455,4.2,6.25,5.125,6.625,6.5,4.5,2.571428571,6.7,5.636363636,5.25,6.1,2.2,6.833333333,6.388888889,5.7,3.714285714,4.5,4.75,3.125,5.136363636,3.714285714,2.75,6.166666667,6.055555556,4.125,6.333333333,4.125,5.6,7,4,4.75,1.357142857,3.428571429,5.833333333,5.777777778,2.611111111,5.833333333,5.625,3.3125,5.083333333,6.277777778,6.545454545,2.416666667,5.083333333,4.045454545,5.85,6.666666667,6,0.5,6.3,6.25,6.05,6.333333333,5.4,3.1,3,3.75,1.727272727,2.888888889,6.125,3.875,5.625,4.083333333,3.884615385,5.555555556,6.75,3.375,3.833333333,4.928571429,5.65
0.291666667,2.583333333,4.666666667,3.625,6.083333333,3.583333333,4.833333333,4.444444444,4.666666667,6,5.681818182,6.375,5.545454545,6.423076923,5.333333333,5.25,2.833333333,4.5,3.75,1.888888889,5.785714286,5.15,6.333333333,3.857142857,6.428571429,5.2,5.777777778,7,4.5,2,3.15,4.875,4.95,5,6.0625,6.45,6.166666667,5.25,4.055555556,4.888888889,3.181818182,4.636363636,2.8,5.555555556,5.5,6.583333333,4.375,2.125,2.666666667,0.3125,5.6875,3.875,3.166666667,4.75,5.666666667,6.125,6.785714286,3.884615385,6.125,4.928571429,3.1,4.125,5.277777778,1.083333333,4,1,6.071428571,4.833333333,3.611111111,4.833333333,2.75,5.714285714,6.083333333,5.4,5.333333333,5.444444444,2.642857143,3.642857143,5.666666667,4.5,4.9,4.5,2.583333333,6.071428571,4.285714286,1,5.454545455,2,4.642857143,5.75,4.7,3.923076923,4.95
2.875,5.0625,5.75,0.363636364,5.230769231,4.2,5.1875,5.25,5.7,6.5,3.6875,2.75,6.25,2.35,5,3.3,6.45,5.55,2.5,5.384615385,4.333333333,0.428571429,0.727272727,5.769230769,6.625,5.318181818,5.25,5.285714286,5.875,5.285714286,4.25,5.75,5.863636364,4.321428571,5.055555556,6.181818182,3.333333333,5.05,5.8,7,6.428571429,2,4.555555556,5.4,6.5625,3.625,4.772727273,5.333333333,4,4.5,5.6875,3.375,4.166666667,6.083333333,5.875,5.214285714,5.722222222,5.333333333,5.227272727,5.5,5.083333333,3.833333333,6.083333333,3.454545455,4.821428571,6.714285714,5.083333333,2.416666667,4.25,5,5.5,2,6.142857143,5.4375,5.4,5.4375,4.7,2.181818182,6.0625,4.916666667,4.727272727,4.6875,5.9,6.181818182,5.333333333,5.1,3.852941176,6.8125,3.388888889,6.4,4.8,4.714285714,5.75
5.888888889,6.8,4,3.791666667,3.5,4.833333333,2.916666667,4.454545455,4,6.666666667,5.833333333,5.75,5.333333333,4.055555556,5.277777778,6.3,3.5,4.5,6.5,5.888888889,3.375,3.4,6.2,5.785714286,4.071428571,6,3.928571429,5.777777778,5.4,4.454545455,1.681818182,5.785714286,5.35,6.045454545,4.055555556,6.111111111,6.071428571,4.357142857,6.5,4.357142857,3.111111111,4,5.5,6.6875,1.85,3.7,3.5,5.1,2.0625,3.4375,5.5,4.5,5.071428571,6.25,5.125,0.3,5.5,6.166666667,2.458333333,5.055555556,2.6875,5.214285714,5.766666667,4,6.3,3.772727273,3.714285714,3.1,4.136363636,4,2.833333333,3.875,4.5625,5.333333333,4.375,4.6,5.954545455,3.4,5.416666667,5.5,2.666666667,4.625,5.083333333,3.458333333,6.142857143,6.8125,6.166666667,6.090909091,6.125,6.277777778,4.1,1.0625,5.4375
3.9,2.75,5.363636364,4.65,5.357142857,5.5,5.625,5.555555556,5,5,5.428571429,5.944444444,6.222222222,6.269230769,5.214285714,3.166666667,4.583333333,5.277777778,5.944444444,6,3.1875,3.9375,4.875,2,1.357142857,3.5,6,5.75,3.95,5.722222222,4.083333333,4.727272727,4.958333333,3.538461538,6.375,2.384615385,5.1875,4.166666667,4.722222222,6.75,4.5,5.6,3,4.25,4.916666667,4.7,3.5625,5.1,5.5,6,6,5.545454545,6.111111111,4.928571429,4.95,4.722222222,5.727272727,0.25,5.5,2.625,5.222222222,6.083333333,5.125,6.3,5.75,4.958333333,3.5,5,6.375,4.25,5.375,5.714285714,3.25,3.142857143,5.0625,5.555555556,5.214285714,4.944444444,1.642857143,5.85,5.375,5.1,6.066666667,6,5.6875,4.6,4.75,3.9,5.285714286,3.5,6,6.0625,1.8125
6.1,2.75,5.785714286,4.25,6,2.166666667,3.75,4,4.5,5.166666667,5.25,2,3.1,3.75,3.875,5.85,6.346153846,2.777777778,6.25,5.964285714,3.833333333,4.590909091,3.863636364,4.428571429,5.45,6.2,4.928571429,5.166666667,5.5,2.3125,5.9,4.9375,2.772727273,5.444444444,3.833333333,6.642857143,4.75,4.5,6.222222222,3.214285714,3.6875,5.166666667,6.277777778,6.25,3,4.6,5.5,4.7,3,5.071428571,5.166666667,4.9,5,2.8,4.642857143,4.227272727,5.625,5.8125,4.8,5.5,6.5,5.75,2.714285714,5.75,5,6.9,5.785714286,5.111111111,6.1,6.083333333,3.111111111,1.5,6.875,3.888888889,6,4.5625,5.4375,6.25,4.875,5.857142857,4.8,5.888888889,5.5,5.9375,5.611111111,3.428571429,5.384615385,3.833333333,5.777777778,5.6875,4.333333333,4.0625,5.45
5.083333333,4.2,4.95,2.875,3.625,5.277777778,5.166666667,6,3.15,2.3125,3.136363636,6.388888889,2.85,6.277777778,4.857142857,3.863636364,6,3.9,6.3,4.625,4.375,2.666666667,6,5.9,4.9375,5,6.416666667,3.166666667,5.857142857,6.166666667,5.444444444,5.666666667,4.583333333,5.055555556,2.5625,5.6875,2.444444444,4.0625,5.75,2.625,5.916666667,4,5.214285714,5.45,2.0625,6,4,5.9,5,4.833333333,3.875,5.857142857,5.625,5.666666667,0.392857143,6.75,5,6.7,1.222222222,6.75,4.136363636,6.75,5.642857143,5.375,4.611111111,5.714285714,6.8125,6.111111111,1.916666667,5.4,6.785714286,5.75,1.9375,5.583333333,2.75,6.571428571,6.454545455,4.6,5.555555556,5.0625,2.9375,2.75,4.384615385,4.875,6.5,5.0625,2.285714286,4.722222222,4.5,6,6,4.535714286,3.166666667
5.777777778,5.416666667,5.208333333,5.9375,4.666666667,5.857142857,3.214285714,4.833333333,6.0625,3.214285714,3.333333333,3.083333333,7,5.555555556,6.388888889,5.5625,4.555555556,3.65,2.666666667,6.611111111,3.5,6.192307692,6.125,4.05,5.428571429,5.642857143,6.1,6.875,4.142857143,6.222222222,3.4375,5,3.25,3.888888889,6,5.25,4.166666667,6.357142857,5.142857143,6.208333333,5.1,5.785714286,5.625,6,4.1875,4.416666667,1.4,5.666666667,4.142857143,4.9375,5.3125,4.75,4.409090909,5.777777778,6.071428571,2,5,5,5.375,4.75,5.055555556,5.7,6.181818182,5.583333333,5.7,5.166666667,4.65,3.6,3.5,5.75,4.357142857,6,6.388888889,2.666666667,0.444444444,4.785714286,4.9,5.727272727,5.857142857,5.7,5.090909091,5.3,3.5,1.625,6.222222222,3.590909091,4.857142857,2.454545455,6.357142857,6.75,4.142857143,6,4.7
4.5,5,4.642857143,6.4,5.416666667,4.583333333,4.818181818,5.4,5.083333333,6.111111111,5.428571429,5.75,3.875,4,5.576923077,4,4.5,5.25,6.545454545,2.318181818,5.5,4.785714286,3,6.277777778,4.7,6.428571429,6.192307692,4.875,6.666666667,3.125,3.583333333,2.5,5.458333333,5.875,6.5,6,1.8,1.928571429,2.714285714,5.1,6.083333333,6.066666667,5.291666667,6.3,2.642857143,3.863636364,5.15,3.571428571,6,6.388888889,6.25,5.769230769,4.9375,4,5.9,4,5.25,5.666666667,4.0625,6.166666667,2.3,1.3,4.222222222,5.692307692,2.833333333,5.166666667,5.55,5.277777778,6.722222222,4.75,3.625,6.071428571,3,5.416666667,5.4,3.5,6.166666667,3.222222222,1.714285714,3.428571429,4.666666667,5.611111111,4.333333333,6.388888889,5.6875,4.8,5.6875,6.277777778,4.9,6.125,6,5.55,4.8125
5.388888889,4.75,2.571428571,5.888888889,4.9,3.954545455,4.722222222,3.3,4.375,5.818181818,5,6.136363636,5.846153846,5.625,5.3,3.9,3.375,3.833333333,3.25,4.625,4.041666667,5.75,4.75,5.3,5.444444444,6.5,6.75,4.5,6.25,6.3125,3,2,1.727272727,6.625,0.833333333,5.857142857,2.8,6.8125,5.6,2.833333333,4.4,5.5,6.142857143,5.727272727,6.25,4.5,2.75,4.590909091,3.576923077,4.5625,3.625,2.6875,2.7,6.333333333,2.75,3.928571429,1.944444444,6.3125,6.214285714,3.333333333,4.055555556,6.3,5.25,5.090909091,5.2,5.4,6.5,3.1,6,3,4.9375,5.625,6.666666667,2.857142857,4.727272727,4.142857143,5.111111111,6.125,4.2,6.222222222,2.083333333,2.1,5.083333333,5.416666667,6.875,5.666666667,3.333333333,6.444444444,5.0625,5.214285714,4.8,5.583333333,4.65
6,4.0625,3.590909091,6.357142857,2.833333333,4.611111111,2.285714286,4.3,5.4,5.7,5.8125,4.5,4.916666667,3.666666667,4.666666667,6.611111111,1.916666667,5.8,2.214285714,3.25,2.785714286,4.4,4.166666667,6.25,6.083333333,6.277777778,6.142857143,5.571428571,3.857142857,5.166666667,5.277777778,1.7,5.625,4.0625,5.384615385,2.8,6.166666667,2.888888889,6.4,1.375,2.85,4.444444444,5.7,3.357142857,3.857142857,3.222222222,4.375,6.166666667,4.785714286,4.857142857,4.9375,3.7,6.416666667,2.777777778,2.9375,6.166666667,3,4.9375,6.35,3.166666667,6,4.95,4.3125,4.3,6.642857143,1.9,5.363636364,3.4375,6.7,5.055555556,6.1,4.636363636,2.227272727,3.833333333,4.166666667,4.5,6.2,4.2,5.730769231,6.3125,6.375,5.785714286,6.041666667,4.444444444,2.727272727,6.277777778,5.75,5.571428571,4.625,7,6.125,2.833333333,5.818181818
0.75,4.333333333,3.833333333,4.944444444,6.166666667,4.416666667,4.9375,4.9375,4.7,4.9375,3.357142857,5.333333333,5.35,6.214285714,5.8125,5.75,3.277777778,5.8125,2.375,4.9375,6.227272727,5.6875,2.142857143,4.821428571,5.833333333,6.214285714,5.8,5.25,6.5,3.7,5.777777778,6.5,4.863636364,6.083333333,3.8,3.666666667,5.95,3.25,6.142857143,6.333333333,5.1875,5.375,4.5625,5.642857143,3.5,6.3,4.666666667,2.714285714,4.272727273,5.583333333,5.777777778,4.055555556,5.416666667,5.444444444,4.5,4.625,4.727272727,6,5.818181818,4.5,6.214285714,4.625,3.1,2.375,4.875,3.416666667,6.625,5.125,5.214285714,4.916666667,5.777777778,5.25,5.833333333,2.611111111,6.25,3.25,6.45,4.928571429,5.222222222,4.666666667,5.3,5.083333333,2,5.583333333,5.888888889,5,6.4,5.142857143,5.375,4.083333333,4.642857143,2.5,2.833333333
5.8,2.833333333,5.714285714,3.363636364,4.25,0.4,1.5,3.65,2.3,5.65,5.681818182,5.346153846,5.722222222,5.714285714,3.7,4.5,5.642857143,5.555555556,3.916666667,4.125,4.5625,5.214285714,6,6.0625,6.181818182,5.727272727,6.142857143,5.0625,6.318181818,6.1875,5.9375,2.583333333,6,5.625,4.444444444,2.625,5.666666667,4.75,4.125,4.428571429,2.454545455,4.318181818,4,6.142857143,3.333333333,5.863636364,6.357142857,1.857142857,6.333333333,2.666666667,3.5,5.875,4.5,4.916666667,4.7,2.681818182,4.571428571,5.409090909,3.9375,3.571428571,3.166666667,3.166666667,3.428571429,6.0625,3.25,6.2,3.777777778,5.166666667,3.035714286,4.416666667,3.05,5.583333333,3.884615385,6.875,3.625,6.083333333,4.958333333,5.666666667,5.0625,3.833333333,3.4,4,5,5.708333333,4.3,2.318181818,5.642857143,6.25,5.6875,5.636363636,4.318181818,4.833333333,1.7
4.5,5.5,2.6,6.611111111,4.7,5,4.857142857,2.875,2.6,4.9375,6.15,4.95,2.9375,5.888888889,1.545454545,3.416666667,3.555555556,5.714285714,4.5,3.375,4.136363636,5.208333333,3.4375,5,3.214285714,4.833333333,4.777777778,3.125,4,4.571428571,3.25,3.818181818,5.75,2.928571429,6.115384615,5.45,4.666666667,3.7,6,4.916666667,6.5,1.833333333,6.318181818,5.714285714,1.7,5.333333333,5.785714286,4.625,5.5,3.5625,5.166666667,4.25,3.3,4.928571429,6.7,5.428571429,4,4.3,6.181818182,1.083333333,5.785714286,5.875,5.6,1.5,6.416666667,1.4375,6.4,4.25,5.25,5.75,2.214285714,2.625,6,6.611111111,5.7,6,5.222222222,4.583333333,2.125,4.583333333,3.333333333,6.25,6.333333333,6.5,5.75,6.055555556,4.6875,6.357142857,5.125,5.666666667,3.25,6.1875,6.5
5,4.625,5.428571429,7,5.055555556,4.833333333,4.55,5,6,4.416666667,5.75,4.0625,3.5625,5.45,6.4,4.192307692,6,6.066666667,1.75,5.4375,3.444444444,4,5.1,4.571428571,6.25,4.409090909,5.9375,6.166666667,5.666666667,5.923076923,4.083333333,1.9375,3.333333333,4.3,4.875,5.111111111,4.6,5,6.318181818,4.8125,6.1,5.8125,5.166666667,6.611111111,3.333333333,5.375,6.214285714,4.833333333,1.8,4.4,5.857142857,6.230769231,2.714285714,5.0625,5.875,4.357142857,4.333333333,5.818181818,4.625,5.75,5.928571429,2.125,5.888888889,6.142857143,5.888888889,5.571428571,6.833333333,4.8,6.611111111,6.15,6.416666667,4.5,2.25,2.722222222,5.25,4.85,6.75,4,3.071428571,1.277777778,5.7,3.5625,5.45,2.944444444,5.833333333,5.375,2.666666667,6.166666667,3.65,4.125,5.25,5.375,6.285714286
6.375,4.6875,5.833333333,4.555555556,5.5,4.2,6.055555556,6.625,5.3,5,2.7,5.9,6.5,6.111111111,6.5,5.545454545,4.611111111,6.25,5.428571429,5.777777778,5.2,2.25,5.714285714,3.857142857,5.461538462,1.875,4.166666667,3.545454545,5.454545455,6.35,5.785714286,2.928571429,1.8,6.5,6.25,2.3,2.625,3.3,5.055555556,5.428571429,6.5,3.833333333,2.625,2.5,5.833333333,4.333333333,5.625,6.25,6.083333333,2.681818182,5.125,3.7,2.571428571,5.5,2.166666667,5.166666667,2.375,4.071428571,5.7,4.9,6.136363636,2.75,4.428571429,2.25,6.142857143,2.3,5.25,4.55,6.4,4.318181818,3.75,5.9,4.25,6,4.5,4,5.25,6.5,6.15,6.285714286,4.75,3,5.625,3.333333333,2.722222222,2.625,6.75,4,3.6875,5.722222222,3.611111111,4.571428571,4.166666667
3.083333333,5.5,3.083333333,3,2.916666667,1.75,6.285714286,2.333333333,1.916666667,3.772727273,5.136363636,3.409090909,6.166666667,3.75,1.8,5.1,5.6,4,6.125,5.3125,2.875,6,1.8,5.6,2.227272727,5,4.458333333,5.25,5.666666667,4.318181818,5.375,6.7,6.25,5.576923077,4.833333333,4,6.166666667,5.3,3.25,6.083333333,5.5,5.785714286,5.863636364,5.214285714,4.375,5.6,2.777777778,5.8,3.45,2.4,5.5,5.214285714,4.692307692,2.1875,4.928571429,4.375,5.9,5.071428571,3.6875,5.555555556,4.083333333,4.5,4.833333333,5.5,6,5,1.75,3.375,5.25,4.5625,5.5,4.928571429,6.318181818,4.428571429,5,3.2,4.9,3.3,4.136363636,3.714285714,6.1875,4.5625,4.5625,4.409090909,3.666666667,5.611111111,5.571428571,6.222222222,5.125,5,4.5625,6.5,6.285714286
5.7,3.833333333,3.9375,2.833333333,2.9,3.375,5.722222222,5.5,2.214285714,5.7,0.25,6.5625,5.5,2.3,4.785714286,5.291666667,3.3125,6.416666667,4.833333333,5.25,3.785714286,5.357142857,4.8125,5.846153846,6.75,6.625,5.818181818,5.388888889,5.727272727,5.285714286,4.5,5.428571429,4.666666667,4.357142857,2.3,2.642857143,6.055555556,5.444444444,3.181818182,3.5625,5.090909091,5.708333333,5.05,5.833333333,4.321428571,5.3,4.785714286,6.75,4.2,3.84375,3.333333333,6.125,1.125,3.8,6.785714286,1.833333333,3,6.166666667,6.1,6.571428571,6.2,4.9375,3.928571429,6.071428571,3.166666667,3.5,3.214285714,5.8125,4.333333333,3.272727273,7,6.2,6.875,4.2,3,6.166666667,5.1875,6.55,5.666666667,0.3,4.766666667,5.555555556,5,3.576923077,5.4375,5.55,5.8,3,5.9,4.5,5.222222222,5.454545455,5.15
5.5,1,6.166666667,6.5,5.428571429,4,2.916666667,6.125,5.7,6.444444444,5.291666667,4.5625,6.0625,5.1,5.277777778,3.35,5.875,3.5,1.5,2.909090909,6.666666667,4.9375,5.0625,5.75,5.5,5,4.714285714,0.863636364,4.571428571,6.5,6,3.611111111,2.8125,2.545454545,6.136363636,4.357142857,2.454545455,5.583333333,5.821428571,3.214285714,5.857142857,4.375,5.461538462,1.388888889,1.7,5.055555556,5.8,6.0625,2.833333333,4.571428571,2.909090909,4.916666667,6.25,4.833333333,6.083333333,5.75,4.9375,5.125,3.714285714,5.25,1.107142857,6.375,6.9,1.0625,6.5,5.166666667,5.75,4.944444444,6.75,6.357142857,5.5,4.944444444,4.375,1.666666667,5.833333333,2.6,5.833333333,5.0625,5.833333333,3.25,6.222222222,6.75,5.111111111,5.777777778,6.375,6.3,5.083333333,2.25,5.1875,6.214285714,4.7,5.611111111,5.363636364
6.125,4.272727273,3.541666667,6.7,3.6875,5.875,2.25,6.35,5.2,5.666666667,5.5,1.5,5.777777778,5.7,5.818181818,3.5,3.714285714,5.666666667,5.055555556,5.428571429,3.75,5.5,3.333333333,5.409090909,5.363636364,4.333333333,6.45,4,4.944444444,4.5,6.05,4.944444444,6.8,3.5,4,6.5,6.125,3.555555556,5,2.7,5.1,6.125,1.4375,6.111111111,6,3.9,5.3,2.444444444,6.333333333,6.3,3.6,4.653846154,3.444444444,5.863636364,6.333333333,4.375,5.875,4.928571429,4.05,5.555555556,6.1,6.785714286,1.9375,6.285714286,5,3.166666667,5.833333333,3,6.25,3,5.75,3.944444444,6.1,6.666666667,1.833333333,4.6875,6.142857143,4.538461538,4.666666667,6,5.214285714,6.055555556,6.571428571,5.125,3.4375,5.5625,6.583333333,5.833333333,6.285714286,5.454545455,6.192307692,5.285714286,2.2
6.571428571,4.5,5.5,6.416666667,5.75,3.2,5.464285714,5.944444444,5.8,3.807692308,5.916666667,3.642857143,3.625,6.041666667,0.125,5.2,3.666666667,4.25,6,6.5,2.666666667,3.222222222,2.857142857,6.071428571,4.7,4.923076923,2.714285714,5.928571429,4.958333333,2.95,3.818181818,4.125,6.5,6.75,4.166666667,3.416666667,6.444444444,6.5,5.583333333,6.388888889,6.111111111,6.8125,5.272727273,6.791666667,6.857142857,3.916666667,2.055555556,6.25,3.8,3.888888889,4.571428571,4.321428571,4.1875,6.1,5.055555556,0.25,5.5,2.642857143,1.615384615,2.730769231,5.55,5,5.833333333,5.227272727,6.083333333,6.75,4.45,0,5.555555556,4.857142857,6.444444444,6.291666667,6.583333333,3.166666667,0.916666667,3.166666667,5.666666667,3.166666667,3.9375,3.277777778,5.208333333,5.388888889,2.730769231,6.071428571,6.5,5.444444444,6.346153846,5.857142857,6,5.9375,6.611111111,6.25,4.928571429
5.25,0.25,1.5625,2.5,4.666666667,2.166666667,6.666666667,5.357142857,6.416666667,5.8,4.9,5.785714286,5.4,0.8,4.647058824,6.2,4.0625,5.857142857,3.15,3.666666667,6.1875,3.15,0.4,6.3,3.75,6.571428571,5.5,3,2.25,3.214285714,4.944444444,2.8,3.9375,5.8125,6.25,6,4.681818182,5.625,4.888888889,4.625,2.375,5.25,4.25,5.888888889,6.3125,5,2.4,5.583333333,1.75,5.5,5.269230769,3.875,5.75,6.230769231,6.5,5.423076923,5.3,6.55,1,5.545454545,4.9375,5.666666667,2.590909091,6.7,6.25,5.366666667,5.642857143,5.214285714,1.75,6.571428571,2.5,2.85,5.071428571,5.727272727,5.083333333,5.545454545,5.3,6.277777778,4.555555556,5.583333333,5.0625,1.888888889,3.625,5.25,2.285714286,5.916666667,6.444444444,5.916666667,4.5,6,3.875,5.277777778,4.642857143
4.5,4,4.25,1.8125,5.055555556,4.25,4.666666667,5.583333333,4.944444444,6,5.181818182,4.466666667,6.555555556,5.166666667,4.111111111,5.181818182,6.875,6,6,6.111111111,5.8,4.083333333,2.8,4.833333333,5.5,7,6.75,2.727272727,5.75,5.5,6.166666667,5.25,4.8,6.0625,2.5,6.25,6,5.625,5,5.875,6.333333333,3.125,6.15,4.875,5.636363636,2.666666667,5.1,4.333333333,5.5,4,4.5,5.769230769,5.5,6.0625,5.461538462,6.1,5.6875,5.4,5.583333333,3,3.35,3.55,6.3,5.5,6.166666667,6.642857143,6.071428571,5.277777778,4.071428571,3.875,2.807692308,6.083333333,5,5.055555556,5.818181818,1.916666667,4.416666667,3.833333333,5.409090909,6.625,5.3125,6.5,5.785714286,6.111111111,3.428571429,1.071428571,5.857142857,4.2,4.923076923,3,5.9375,4.071428571,6.75
6.111111111,4.9,5.25,2.555555556,3.3,1.388888889,4.375,2.357142857,5.8,6.142857143,4.5,6.166666667,6.214285714,5.75,5.5,6,2.333333333,6.269230769,6.125,3,6.666666667,3.25,4.75,6.0625,6,2.666666667,6.4,5.9,5.25,4.1,5.291666667,4.4,5.964285714,5.8,5.590909091,6.083333333,4.1875,7,4.681818182,2.75,6.214285714,6.291666667,3.857142857,2.318181818,4.272727273,4.5,5.4375,6.214285714,6.125,6.25,5.7,6.035714286,0.285714286,5.642857143,4.444444444,4.5,1.75,4.5,5.25,2.214285714,3.428571429,2.357142857,6.214285714,5.75,4.111111111,5.0625,3,5.5,5.875,6.25,6.357142857,5.25,2.583333333,4.222222222,4.35,5.055555556,2.772727273,5.5,4.785714286,5.583333333,2.416666667,5.6,3.583333333,5.208333333,5,5.545454545,4.285714286,2.727272727,4.166666667,4,3.285714286,5.357142857,5
6,4.75,5.428571429,4.636363636,4.375,4.083333333,3.285714286,4.9,6.214285714,6.416666667,4.5,0.416666667,4.071428571,5.1,6.357142857,6,1.833333333,6.15,5,5.208333333,4.5,3.416666667,6.375,3.227272727,3.1,4.416666667,4.083333333,4.3,2.875,1.333333333,3.3125,6.611111111,5.777777778,5.75,5.538461538,4.375,5.571428571,5,6.75,3.388888889,4.272727273,2.625,6.428571429,5.277777778,5.75,5.833333333,5.916666667,5.428571429,4.214285714,4.444444444,4.375,4.666666667,5.928571429,2.928571429,4.363636364,3.8125,5.291666667,5.333333333,6.125,2.909090909,4.9375,2.416666667,3.357142857,5.269230769,2.625,5.75,4.1,5.5,5.833333333,5.75,6.5,6.5,2.384615385,4.75,3.6875,5.1,3.166666667,4.142857143,5.055555556,3.916666667,6.642857143,4.75,4.5625,6.416666667,6.277777778,5.25,6.375,5.636363636,5.681818182,3.583333333,2.642857143,5.35,2.7
4.791666667,5.214285714,4.7,5.333333333,6.1875,4.5,6.5,5.375,6.25,5.25,5.1,5.55,6,4.833333333,4.090909091,6,3.777777778,3.055555556,4.1,2.9375,5.611111111,5.055555556,5.346153846,5.5,5.666666667,5.375,5.875,3.3,5.111111111,6.555555556,5.625,6.7,7,5.666666667,2,3.9375,5.111111111,4.714285714,4.875,5.5,3.722222222,5.888888889,5.625,5,5.3125,5.8,5.071428571,4.777777778,5.785714286,5.9,6.125,5.785714286,3.625,3.9375,6.5,5,3.277777778,6.666666667,3.25,5.1,5.454545455,4.8125,5.277777778,5.3,3.5,5,6.357142857,6.25,5.153846154,5.785714286,5.857142857,5.625,0.166666667,4.0625,5.055555556,3.75,6.038461538,1.111111111,5,3,5.75,3.75,5.1875,5.85,3.055555556,4.5,1,2.75,5.6,2.3,4.5,5.857142857,4.166666667
2.333333333,3.5,5.75,5.388888889,3.590909091,6.666666667,6.5625,6.166666667,4.227272727,3.6,3.65,4.142857143,3.857142857,6.5,6,4.875,4.5625,3.136363636,4.857142857,3.038461538,4,6.15,3.833333333,6.1875,5.227272727,0.3125,5.2,3.625,5.25,5.666666667,4,3.888888889,6.416666667,5.357142857,3.076923077,3.25,4.8,6.25,3.5625,4.4,0.5,2.375,3.416666667,2,5.5,6.642857143,3.7,4.142857143,4.714285714,5.3125,5.785714286,5.944444444,3.928571429,1.375,5.5,6.666666667,6,2.166666667,5.857142857,5.166666667,4,6,3.625,2,3.333333333,6.444444444,5.333333333,5.3,5.71875,6.15,2.5,2.714285714,6.423076923,5.125,6.2,6.5,4.192307692,4.888888889,4,3.75,6,6.111111111,4.75,5.35,5.875,0.8,3.333333333,5.285714286,5.777777778,3.75,5.916666667,5.25,5.214285714
6.428571429,6.428571429,5.821428571,6.083333333,5.4375,3.111111111,6.75,1.681818182,3.166666667,6.666666667,3.4375,4.375,5.875,4.5,5.75,5.785714286,6.5,3.333333333,5.666666667,5.928571429,6.357142857,5.428571429,2.785714286,6.555555556,3.611111111,4.2,5.6875,5.1,3.642857143,5.666666667,5.055555556,5.863636364,5.428571429,6.125,5.5625,3.3,2.833333333,4.416666667,5.5625,3.041666667,5.166666667,5.7,5.571428571,5.2,5.785714286,6.75,6,6.388888889,5,4.375,4.285714286,3.722222222,5.954545455,5.375,5.125,5.777777778,6,6,3.416666667,2.666666667,3.833333333,3.5,3.583333333,5,3,4.9,4.5,5,6.5,6.318181818,4.8,5.5,3.333333333,6.25,6.333333333,4.75,4.625,5.409090909,6,4.333333333,5.583333333,6.625,4.8,5.833333333,6.083333333,5.4,4.75,5.5,2.9375,4.9,5.590909091,2.166666667,4.166666667
6.357142857,3.15,3.333333333,6,5.916666667,6.45,5.928571429,5.833333333,6,5.590909091,5.071428571,5.857142857,5.954545455,6.1875,5.444444444,3.857142857,3.352941176,6.3,5.416666667,2.1,5.285714286,4,3.75,4.125,4,4.25,5.071428571,6.8125,5,5.166666667,6,6.6,5.269230769,4,6.333333333,5.9,4.555555556,1.409090909,5.277777778,4.428571429,4.5,6.285714286,4.125,4.333333333,4.1875,4.142857143,6,1.277777778,5.923076923,3.625,4.055555556,6.5,5.05,5.714285714,6,3.5625,5.785714286,6.285714286,6.833333333,3.785714286,5.785714286,5.25,5.05,4.75,4.375,6.25,5.9375,5.428571429,3.6,2.785714286,3.375,5.4,5.545454545,6.416666667,6.090909091,4.285714286,4.875,6.1875,2.833333333,4.583333333,6.5,5.5,6.125,6.333333333,2.125,4.4375,3.25,3.875,5.8125,0.25,5.833333333,2.1,5
5.1,2.142857143,3.95,4.625,6.5,4.653846154,1,6.142857143,4.625,0.1,1.928571429,5.9,3.714285714,4.666666667,3.65,3.75,6,2.222222222,4.1875,6,3.166666667,5.75,4.5,5.277777778,5.875,5.833333333,3.076923077,5.0625,5.142857143,5,5,5.5,5.555555556,6.375,2.777777778,2.75,6.7,1.666666667,6.25,5.7,5.666666667,2.818181818,5.9375,6.05,6,4.583333333,4.35,2.3125,5.5625,3.416666667,2.666666667,2.857142857,5.5,4,6,4.142857143,5.214285714,4.5,5.625,5.409090909,5.2,4.222222222,3.444444444,6.071428571,6.166666667,5.0625,3.625,5.222222222,3.6,5.045454545,5.916666667,2.666666667,4.222222222,4.05,4.285714286,5.5,3.928571429,6,3.916666667,6.571428571,5.227272727,4.95,2.75,4.090909091,6.5,2.5,6.166666667,3.166666667,5.3125,4.5,6.0625,4.583333333,2.4
4.090909091,6.5,5.642857143,4.9,6.375,2.9375,4.666666667,3.375,4.875,5.785714286,5.857142857,4.1875,5,3.5,4.944444444,5.666666667,4.5,5.875,2.384615385,6.2,5.666666667,4.285714286,6.5,4.142857143,6.833333333,2.5,6.5625,5.9375,3.333333333,5.5,4.25,3.25,6.083333333,6.125,4,3.7,4.25,6.227272727,6.392857143,1.666666667,6.625,5.333333333,2.611111111,6.041666667,3.5,6.5,4.227272727,5.055555556,5.055555556,2.4,4.545454545,6.3,5.833333333,6.3125,5.357142857,6.375,5.166666667,6,5.166666667,3.7,3.409090909,4.583333333,4.227272727,6,5,4.4,5.357142857,3.6,5.875,5.875,5.7,6.5,5.25,5.571428571,6.583333333,3.333333333,5.277777778,3.142857143,5.4375,5.714285714,4.590909091,5.75,6.357142857,5.888888889,4.1875,5.857142857,6.2,1.636363636,5.4375,5.25,3.545454545,5.25,5.25
6.181818182,5.571428571,4.611111111,5.363636364,4.928571429,4.5,6.566666667,6.625,5.8,6.055555556,5.071428571,5.142857143,3.833333333,3.777777778,4.4,5.928571429,5.444444444,6.3,5.875,5.666666667,6.833333333,5.333333333,5.8,4.6,5.875,4.833333333,5.642857143,5.75,5.35,3.05,5.25,5.3,5.555555556,3.916666667,4.3125,6.5625,6.277777778,4.5,5.785714286,4.416666667,5.1,4.5,4.8,6.2,6,4.666666667,6.166666667,3,5.555555556,5.928571429,3.222222222,3.555555556,6.0625,6.444444444,5.571428571,5.888888889,6.555555556,5.583333333,5.6,4.35,6.1,6,5.428571429,2.5,6.2,2.714285714,5.85,0.285714286,4.35,4.375,5.5,2.75,3.214285714,3.5,5.5,4.5,5.5,5.4375,6.6875,2.566666667,6.45,5.681818182,5.833333333,4.846153846,4.166666667,2.375,3.5625,6.3,1.833333333,6.125,4.416666667,4.25,4.8125
6.285714286,3.928571429,2.35,2.833333333,5.95,5,5.625,4.0625,4.5,6.625,6.7,5.5,4.125,5.875,5.4375,5,3.75,5.785714286,4.1875,6.6875,5.333333333,6.0625,6.5,5.954545455,6.25,5.3125,1.545454545,5.8,5.75,3.821428571,5.681818182,4.928571429,4.8,5.625,6.263157895,6.5,4.111111111,2.181818182,4.25,6,5.6875,4.833333333,2,4.909090909,6.590909091,6.333333333,6.7,3.454545455,5.333333333,4.25,4.611111111,2.375,2.285714286,3.5,3.625,5.277777778,4.611111111,5.2,5.1875,6.125,4.642857143,5.0625,3,5.375,2.928571429,5.333333333,4.076923077,5.75,5.642857143,4.875,2.1,6.125,4.166666667,6.75,7,5.318181818,6.125,1.375,4,5.318181818,4,5.6,5.277777778,4.857142857,5.214285714,1.916666667,4.666666667,3.15,4.708333333,5.714285714,4.6,4.571428571,4.863636364
3.416666667,4.166666667,3.388888889,3.571428571,5.375,6,6.75,2.6,5.1,4.3125,3.75,5.411764706,6.25,5.416666667,5.625,5.5,1.363636364,5.45,5.7,1.5625,3.25,5.833333333,7,5.5,6.5,3.75,5.75,5.461538462,5.772727273,4.4375,4.5625,4.5,2.5,5.583333333,1.25,3.333333333,5.954545455,6.166666667,6.111111111,6.375,4.625,6.454545455,4.409090909,4.2,3.75,5.541666667,4.857142857,6.833333333,4.4,6,6.409090909,4,2.636363636,4.5,5.5,5.708333333,6,3.785714286,6.428571429,6,4.8,5.8,1.888888889,5.888888889,5.444444444,6.666666667,4,5.545454545,3.25,4.375,3.055555556,2.423076923,6.416666667,2.75,5,4.5,5.75,2.428571429,5.6,7,5.928571429,3.25,4.9,5.25,6.333333333,6.041666667,4.681818182,2.85,5.071428571,6.416666667,4.230769231,3.142857143,1.111111111
5.4375,5.411764706,6.3,5.285714286,2.35,2.625,3.9375,5.071428571,6.041666667,5.166666667,5.25,4.083333333,5,2.6875,3.214285714,4.214285714,5.928571429,3,3.333333333,4.214285714,5,5.571428571,5.909090909,2.666666667,5.357142857,5.785714286,4.8,4.7,4,6.25,2,4.857142857,5.730769231,3,6.071428571,6.25,3.8,3.166666667,1.5,2.666666667,6.5,6.5,2.611111111,5,5.666666667,2,5.633333333,6.333333333,5.357142857,5.785714286,3.954545455,4.5,4.791666667,1.111111111,4.166666667,4.75,1.75,3.125,6.0625,4.083333333,4.5,3.416666667,4.388888889,5.708333333,5.291666667,5.3125,2,6.055555556,5.083333333,3.821428571,5.45,6,5.222222222,4.25,5.4,5.125,6.75,6.1875,6.0625,5.6875,5.916666667,3.166666667,2.5,4.1,5.75,1.9,2.95,5.909090909,6.083333333,6.041666667,4,5.75,4.7
5.5,5.416666667,5.388888889,3.2,6.4375,4.416666667,3,5.409090909,5.75,5.875,2.454545455,3.2,6.75,4.9,1.818181818,6.75,3.5,6.071428571,4.25,2.708333333,1.727272727,5.571428571,4.5,5.625,6.166666667,5.111111111,6.2,6.464285714,2.1875,6.545454545,5.625,5.388888889,5.409090909,5,6.333333333,3.458333333,5.166666667,6.214285714,0.25,5.9,6.75,3.65,2.785714286,5.1875,6.166666667,5.05,4.375,3.833333333,5.833333333,5.333333333,5.5,5.277777778,5.0625,3,4.857142857,4.285714286,2.9,5.944444444,4.666666667,5.2,5.05,6.6,4.928571429,4.958333333,5.642857143,1.375,2.25,5.8,2.3125,4.555555556,5.666666667,3.4,6.5,3.357142857,3.3,3.666666667,5.625,3.416666667,4.285714286,5.8125,4.142857143,6.045454545,5.25,3.642857143,4.333333333,2.75,6.083333333,2.055555556,6.583333333,5.5,2.785714286,4.083333333,2.166666667
5.875,4.647058824,5.409090909,4.714285714,6.0625,6.357142857,6.125,4.642857143,5.722222222,1.2,6.571428571,4.409090909,6.1,0.9375,5.416666667,6.714285714,5.857142857,5,2.090909091,4,5.571428571,5.6,5.95,1.375,1.9,6,6.142857143,3.125,3.428571429,6.714285714,5.291666667,5.25,3.428571429,5.5,6.136363636,4.8,4.733333333,5.75,2.166666667,6.625,4.633333333,5.214285714,5.714285714,4.357142857,2.357142857,2.642857143,0.0625,2.444444444,4.5,5,5.833333333,1.571428571,3.375,3.416666667,5.428571429,3.5,5.4375,4.388888889,5.269230769,5.75,5.083333333,5,4.9,4,5.333333333,6.25,6.666666667,6.1,5.583333333,0.285714286,4.833333333,2.166666667,4.611111111,4.4375,6.5,3.25,5.5,5.214285714,6.125,6,0.571428571,4.636363636,3.928571429,5,4.833333333,4.25,6.791666667,1.875,6.428571429,6.5,5.416666667,3.166666667,5.555555556
5,5.428571429,6.222222222,6.5,5.583333333,2.888888889,4.142857143,2,2.9,6.083333333,0.1,5.555555556,5.090909091,3.5,4.666666667,6.166666667,6.3,2.714285714,5.928571429,4.1,4.888888889,5.6,6.5,5.555555556,2.571428571,3.928571429,4.7,5.5,3.833333333,5.53125,5.055555556,4,5.045454545,5.45,5.666666667,5.571428571,4.777777778,4.833333333,6.5,5.5,2.625,6.444444444,6,4.772727273,2.625,2.5,6,5.75,4.958333333,5.416666667,3.125,6.083333333,4.1875,5.5625,5.9,4.944444444,4.642857143,5.944444444,5.9,4.2,5.333333333,5.363636364,0.25,1.375,5.357142857,5.045454545,5.0625,4.833333333,4.333333333,4.6,5.75,5.363636364,3.388888889,6.5,2.1,4.95,5.7,3.388888889,3.8,6.166666667,5.25,5.125,2.583333333,2.375,3.75,5.6875,7,3.875,4.55,4.9,5.363636364,5.777777778,6.1875
4.583333333,6.5,5.363636364,2.6875,2.571428571,5.208333333,4.2,3.333333333,2.416666667,6,4.333333333,3.7,6,5.166666667,3.5,6.285714286,6,6.611111111,5.055555556,5.555555556,5.2,5.25,4.625,6.166666667,6.285714286,6,5.888888889,5.866666667,5.192307692,5.2,5.625,1.5,5.4375,6.055555556,5.75,6.409090909,4.7,6.541666667,6.333333333,3.625,5.035714286,6.214285714,5.571428571,3.642857143,5.333333333,6.083333333,4.166666667,5.388888889,4.6875,5.583333333,4.625,5.7,2.571428571,6,6.125,5.0625,4.5,5.3,5,6.5,4.416666667,5.333333333,5.375,5.375,3.9,5.3125,6.166666667,5.466666667,2.3,5.2,5.142857143,5.85,5.75,4.25,3.3125,5.083333333,4.388888889,4.75,5.625,5.083333333,5.875,6.571428571,5.714285714,6.333333333,5.333333333,6.111111111,2.05,6,4.055555556,5.8125,4.444444444,5.333333333,5.833333333
5.083333333,5.5,5.535714286,5.5,5,5.714285714,5.8,5.166666667,6.571428571,5.384615385,5.9,6,4.25,0.625,6.15,2.25,5.318181818,5.5,3.625,6.25,6.642857143,2.857142857,5.3,5.045454545,4.142857143,5.833333333,4.916666667,4.75,6,6.25,5.666666667,5.8,5.125,5.444444444,5.8,4.125,2.423076923,5.785714286,6.5,6,4.888888889,4.944444444,4.7,3.25,4.5,5.285714286,6.333333333,2.35,6.5625,6.833333333,5.954545455,5.227272727,4.416666667,5.416666667,4.428571429,6.35,4.75,6.375,3.583333333,5.25,5.25,5.055555556,4.318181818,3.35,4.222222222,3.8,5.666666667,5.8,5.590909091,4.75,6.3,6.444444444,3.75,2.2,6.125,6.25,2.357142857,4.95,5.214285714,5.821428571,6.666666667,6.25,5.791666667,6.5,0.055555556,3.571428571,4.153846154,6.357142857,6.125,4.75,6,6.4,5.916666667
5.5,4.388888889,6.428571429,1.875,3.25,6.571428571,4.2,6.333333333,5.444444444,4.4,4.772727273,4.5,2.5,6.5,4.9,6,3.625,1.25,4,6,4.888888889,4.875,5.461538462,5.75,4.375,6.3,5.785714286,5.785714286,5.15,3.8,2.5,3.5625,3.777777778,4.785714286,6.125,6.6875,5.357142857,3,4.833333333,5.944444444,6.05,5.55,5.8125,5.416666667,4.9,2.444444444,6.5,3.1,5.5,6,6.055555556,5.777777778,4.95,3,4.857142857,2.25,5.4,4.466666667,5,6.35,4.416666667,4.25,5.75,6.416666667,5.666666667,6.2,6.136363636,6,4.714285714,5.125,4.083333333,5.954545455,6.375,3.875,4,6,5.041666667,2.666666667,6.5,4.1875,6.285714286,5.555555556,1.208333333,5,3.888888889,3.333333333,5.833333333,5.833333333,3.625,4.75,4.916666667,1.285714286,5.714285714
4.125,3.25,2.7,4.958333333,4.142857143,4.833333333,5.25,5.833333333,4.8125,5.75,5.333333333,4.423076923,3.2,4.5,3.136363636,6.85,6.0625,1.571428571,6,6.5625,1.375,3.416666667,6,5.166666667,5.3,5.833333333,3.833333333,6.181818182,5.277777778,5.916666667,5.055555556,6.285714286,4.142857143,5.5,6.333333333,5.714285714,5,2.9375,4.444444444,2.944444444,4.111111111,2.833333333,2.916666667,1,5.285714286,4.833333333,4.642857143,3.388888889,2.916666667,3.6,6.416666667,3.9,5,6.222222222,3.166666667,5.857142857,5.25,5.75,3.083333333,3.75,4.833333333,3.75,4.95,6.333333333,5.428571429,2.928571429,4.5,5.3,5.75,2.166666667,5.428571429,5.375,3.5,5.375,5.0625,5.25,6.5,1.833333333,5.85,6,6.642857143,4.666666667,5.166666667,6.85,5.730769231,5.25,6.333333333,6,5.681818182,6.1875,4.25,2.666666667,4.416666667
6.375,4.791666667,5.333333333,6,5.692307692,5.375,0.321428571,2.166666667,5.1,5.818181818,5.583333333,5.75,5.6,6.083333333,1.875,6.333333333,5.357142857,4.666666667,3.3125,4.727272727,5.35,2.416666667,2.5,2.277777778,5,5.666666667,5.666666667,6.444444444,2.4,6.3,2.5,5.75,4.055555556,6.125,4.55,3.25,5.045454545,6,4.75,5.833333333,6.35,2,6.071428571,0.166666667,5.833333333,3,5.714285714,2.454545455,5.833333333,6.25,5.571428571,6,4.9375,5.714285714,6.25,5.45,5.85,1.125,5.928571429,2.8,4.75,6.111111111,5.5,0.727272727,6.571428571,4.9375,5.416666667,6.05,6,5.142857143,5.375,4.642857143,6,2.0625,5.722222222,3.863636364,4.5,5.3,5,5.454545455,5,2.5,5.357142857,2.277777778,2.142857143,7,5.277777778,5.5,5.166666667,6.125,3.611111111,4.7,5.25
4.428571429,2.357142857,4.833333333,2.5,5.916666667,5.928571429,6.833333333,0.85,1.4375,3.5,5.65,2,5.4,4.75,3.875,6.0625,6.25,6.541666667,6.375,6.058823529,5.111111111,3.888888889,3.6875,6.5,4.6875,6.333333333,5.3125,3.125,1.833333333,1.714285714,5.833333333,4.9375,3.05,5.833333333,0.166666667,3.1875,3.928571429,4.357142857,4.916666667,4.136363636,5.5,2.3,6.083333333,5.125,5.285714286,6.75,4.375,5.166666667,3.15,2,5.272727273,5.818181818,4.5,6.409090909,5.916666667,3.75,3.857142857,5.277777778,5.6875,6.055555556,6.111111111,4.136363636,6.125,5.25,4.357142857,4.8,6.7,4.75,5.791666667,6.071428571,2.8125,2.2,5.833333333,6.1875,5.785714286,3,5,3.583333333,2.642857143,2.5,5.25,5.583333333,3.916666667,3.625,4.571428571,5.2,4.285714286,6.166666667,6,4.928571429,3.5,4.214285714,3.125
5.535714286,2.3,2.888888889,2.318181818,4.416666667,5.285714286,5.666666667,6.416666667,5.375,4.454545455,6.214285714,0.1,4.875,5.5,2.5625,5,6.055555556,5.083333333,4.791666667,3.888888889,4.727272727,5.611111111,5.9375,3.285714286,6.75,3.875,1.727272727,6.409090909,3.75,5.692307692,3.055555556,4.166666667,6.5,2,3.1,4.785714286,4.666666667,1.7,5.4,2.25,5.916666667,1.166666667,6.416666667,3.375,5.65,6.409090909,5.5,4,3.9375,4.5,6.4375,5.5,3.333333333,5.444444444,5.875,4.416666667,6.166666667,5.5,6,4,6.125,4.833333333,5.357142857,6.714285714,5.785714286,4,6.428571429,0.25,2.3,5.833333333,0.9375,6.357142857,5.071428571,5.125,5.75,4.714285714,5.5,3.821428571,6.666666667,5.166666667,6.833333333,0.863636364,5.888888889,5.5,3.35,1.75,3.5,4.0625,5.166666667,5.363636364,3.409090909,4.6,5.954545455
4.5,6.125,5.7,5.423076923,6.7,6.214285714,2.5,5.5,3.333333333,2.928571429,4.666666667,5,5.5,3.1,5.666666667,6.75,4.375,5.461538462,5.5,2.625,6.454545455,6.722222222,4.25,5,5.3,4.75,6.333333333,4.863636364,5.75,6.464285714,2.583333333,5.75,6.05,3.1875,5.277777778,1.111111111,2.111111111,5.4,2.9,5.625,5.1,3.9,6.4,3.3,4.333333333,3.083333333,4.857142857,5.409090909,6.571428571,6.222222222,2.375,5.05,3.611111111,6.642857143,5.777777778,5.818181818,5.7,5.625,6.166666667,5.590909091,6.1875,1.4,4.5,5.3125,5.2,5.666666667,6.045454545,5.25,4.25,4.8,4.142857143,3.875,4.75,6.666666667,5.291666667,2.333333333,5.9375,3,6.642857143,4.791666667,5.285714286,3.142857143,4,4.416666667,5.090909091,4.75,2.1,3.785714286,3,2.083333333,5.722222222,2.5,6.541666667
3.75,6.1,4.944444444,3.85,2.35,4.6,6.214285714,4.333333333,2.357142857,4.6,2.5,5.5,6,5.5,2.8,5.428571429,4.083333333,3.75,5.6875,5.6,6.571428571,5.333333333,6.722222222,5.9375,4.071428571,6.083333333,4.944444444,5.8,4.357142857,4.857142857,5.8125,4,4.5,5.75,6.428571429,4.227272727,6,4.6,1.111111111,4.5,2.666666667,6.375,5.5,4.444444444,3.363636364,6.428571429,4.5,2.388888889,5.166666667,3,5.875,6.625,4.083333333,5.583333333,0.388888889,5.590909091,6.285714286,5.583333333,4.75,6.142857143,5.5625,4.85,2.625,3.4,4.227272727,3.807692308,5.363636364,5.222222222,6,4.1875,5.5,1.916666667,5.045454545,6.625,6.666666667,5.5625,5.571428571,5,6.4375,3.928571429,5.888888889,4.857142857,5.9,5.5,6.875,5.65,5.5625,3.375,3.625,4.625,5.625,4.357142857,6.55
6.15,6.722222222,5.85,5,2,5.9375,5.45,6.071428571,5.916666667,5.035714286,0.5,5.9375,3.25,5.45,2.777777778,5.25,6.333333333,3.678571429,5.791666667,5.291666667,6,3.125,4.9,5.8,5.666666667,5.9375,2.95,6.2,5.833333333,5.333333333,4.727272727,3.875,3.3,5.75,5,5.857142857,1.9,5.65,4.363636364,0.375,5.545454545,5.214285714,5.269230769,5.166666667,4.909090909,6.75,5.5,3.785714286,5.833333333,6.375,2,3.409090909,4.75,4.833333333,3.153846154,2,6.333333333,6.416666667,5.25,6.3125,6.75,6.3,4.888888889,4.25,5.85,2.785714286,4.85,4.071428571,4,5.75,4.333333333,6.166666667,6.285714286,5.3,5.45,3.7,6.083333333,0.777777778,5.4375,2.5,5.944444444,2.727272727,5.0625,3.333333333,5.214285714,5.928571429,5.944444444,6.125,5.1,4.45,5.277777778,5.714285714,5.708333333
4.5,4.5625,5.333333333,6.285714286,3.555555556,4.555555556,4.428571429,5.863636364,5.555555556,0.9375,3.583333333,4,5.125,2,4.875,4.833333333,3.722222222,5.928571429,3.25,3.636363636,2.1875,4,5.0625,2.75,4,6,3.277777778,5.3,2.35,6.357142857,4.142857143,2.571428571,4.166666667,1.75,2.6,2.333333333,6.5625,4.444444444,1.208333333,2.9375,5.611111111,3.75,6.416666667,5.928571429,5.857142857,5.833333333,6.625,4.625,5.857142857,5.916666667,5.5,5.071428571,5.555555556,6.038461538,3.730769231,3.166666667,6.4,6.333333333,6.125,6.0625,5.9,5.45,4.9375,6,5.142857143,6.833333333,0.916666667,4.875,6.142857143,6.5,5.583333333,5.954545455,6.8,6.045454545,6.833333333,6.5,2.8125,6.318181818,6.166666667,5.954545455,6.166666667,5.65,5.777777778,5.75,4.5625,2.714285714,5.357142857,5.2,5.3125,5.25,3.208333333,5.090909091,2.111111111
5.318181818,4.25,5.277777778,6.115384615,4.3,2.277777778,3.714285714,4.875,6.5,6,2.583333333,3.090909091,5.4375,5.227272727,4,7,6.214285714,4.083333333,6.333333333,4.4,5.166666667,6.142857143,6.416666667,5.6,3.7,5.75,0.25,2.958333333,5.5,2.9375,1.722222222,6.1,4.785714286,6.388888889,5.75,4,6.625,5.590909091,6.416666667,0.642857143,6,5.730769231,5,4.95,5.5,6,3.944444444,6,6.125,6.166666667,6,5.090909091,3.75,0.375,5.85,4,3.15,0.25,5.714285714,3,3.857142857,6.357142857,5.85,4.666666667,3,5.5,5.5,4.538461538,6.318181818,4.9,2.4375,2.714285714,2.666666667,3.166666667,2.5,5.714285714,6.375,4.5625,3.5,4.958333333,4.8,6.333333333,3.222222222,5.727272727,4.964285714,3.388888889,0.40625,1.4,5.714285714,5.285714286,3.333333333,6.285714286,6.285714286
4.428571429,5.363636364,2.428571429,5.375,4.8,4,5.5,2.384615385,6.222222222,2.25,6.5,6.7,5.916666667,4.083333333,6.6875,3.6,6.083333333,2.944444444,5.055555556,4.318181818,6.25,5.666666667,5.857142857,3.416666667,2.590909091,0.416666667,4.090909091,3.777777778,2.5,6.222222222,6.055555556,4.083333333,4.9,1.833333333,6.5,5.333333333,4.5,2.590909091,6.055555556,3.428571429,6.041666667,5.090909091,5.5625,4.95,6.5,4.375,4.625,4.05,6.166666667,3.4375,6.3,5.25,5.545454545,3.944444444,5.2,3.625,4.833333333,5.192307692,1.590909091,3.538461538,6.714285714,1.590909091,4.4,5.583333333,5.928571429,6.7,3.666666667,5,2.166666667,5.5625,4.857142857,6,5.375,4.8,2.875,3.4375,6.2,3.25,5.5,2.944444444,5.8125,3.9,2.625,5.9,6.25,6,4.272727273,3.785714286,2.75,5.45,3.083333333,4.5,6.388888889
4.833333333,4.5,7,5.428571429,4.3,6.5,4.722222222,2.681818182,5.3125,6.791666667,5.388888889,4,5.142857143,6.071428571,3.875,4.416666667,4.833333333,5.863636364,5.666666667,5.25,6.083333333,6.115384615,5.333333333,4.384615385,5.4,6.35,5.875,3,5.5625,2.125,2.333333333,3.318181818,5.277777778,3.142857143,5.818181818,5.75,6.545454545,5.444444444,5.1875,1.928571429,5.464285714,4.454545455,5.5,5.7,5.5,4.666666667,4.083333333,6,5.0625,5.136363636,4.75,2.142857143,5.666666667,5.428571429,4.3125,6.083333333,6.5,2.875,4.857142857,5.875,6.166666667,6.375,4.375,2.714285714,4.75,0.9375,6,3.75,5,6,5.9375,3.611111111,6.5,6.666666667,4.666666667,5.055555556,5.545454545,5.714285714,5.818181818,5.846153846,3.333333333,4.142857143,5.5,1.083333333,6.416666667,3.416666667,5.0625,3.611111111,1.555555556,4.777777778,6.2,5.9,6.0625
6,6.192307692,6,6.0625,4.916666667,4.6875,3.5,5.833333333,2.818181818,2.05,2,4.1,4.055555556,4.666666667,5.928571429,5.166666667,3.272727273,0.625,5.5,2.954545455,5.227272727,1.25,4.875,6.214285714,4.25,3.9,5.071428571,5.208333333,4,5.357142857,5.55,6.5,5.05,5.571428571,6.1,4.7,3.388888889,5.1,4.6875,3.214285714,5.166666667,6.083333333,5.6,6,3,2.666666667,6.277777778,5.85,0.730769231,4.166666667,0.5,6,3.111111111,6,6.263157895,6.357142857,3.5,5.666666667,4.583333333,3.75,4.416666667,5.833333333,5.666666667,3.818181818,3.625,3.5625,4.214285714,3.357142857,2.590909091,6.428571429,5.95,6.5,3.125,3.181818182,4.95,4.142857143,6.214285714,2.227272727,4.071428571,5.722222222,4.125,3.2,4.833333333,4.571428571,5,5.071428571,5.055555556,6.045454545,2.9,5.6,6,4.428571429,5.166666667
6.15,5.6,5.8125,4.416666667,5.142857143,6.777777778,2.166666667,2,3.05,3.65,5.375,5.0625,6.222222222,5.8,4.4,4,5.375,5.214285714,5.727272727,5.5,5.857142857,6,5.636363636,5,5.875,5.2,6.666666667,4.357142857,5.25,2.416666667,3.277777778,3.928571429,3.714285714,2.583333333,5.4375,5.6875,5.9375,5.375,5.388888889,6.285714286,4.142857143,3.666666667,2.857142857,5.25,2.9,5.625,5.85,2.875,4.5,6,5.85,5.8125,6.625,5.571428571,5.583333333,5.75,4.5,4.2,5.5625,5.1,5.0625,3.083333333,5.777777778,6.666666667,5.75,6.041666667,6.285714286,5.214285714,3.045454545,4,2.6,3.852941176,5.5,4.214285714,5.777777778,4.857142857,5.625,6.083333333,4.35,6.055555556,5.125,2.3125,5.833333333,6.083333333,5.142857143,6.833333333,2.3,5.75,4.583333333,5.25,4.666666667,3.9375,4.75
4.458333333,6.277777778,3.666666667,4.5,5.875,4.95,4.833333333,6.125,5.5,4.05,3,5.75,5.25,6.25,5.444444444,3.9,4.142857143,6,5.583333333,3.464285714,6.666666667,3.3125,2.818181818,3.722222222,3.357142857,4.214285714,2.4,5.166666667,5.75,5.3,4,6.6,5.5,5.6875,3.714285714,6.083333333,5.142857143,0.727272727,5.136363636,5.928571429,5.9375,2,5.75,3.416666667,6.5,5.857142857,4.590909091,5.333333333,6.5,5.045454545,6.5,4.1875,4.625,6.583333333,5.909090909,6,4.166666667,2.1875,5.625,6.25,0.375,4.3,2.833333333,6.5,2.6,4.3,4.5,2.388888889,6,5.722222222,1.615384615,6.5,5.5,5.55,6.136363636,6.5,5.388888889,4.888888889,5.444444444,3,6.214285714,4.9375,3.142857143,6.7,6.333333333,5.083333333,4.9375,2.875,4.55,4.714285714,6.5,5.7,3.291666667
5.071428571,5.214285714,4.75,5.6,5.375,6.75,5.083333333,5.125,6.083333333,3.214285714,5.083333333,5.4,3.576923077,4.9375,6.136363636,4.944444444,2.75,6.25,5.875,5.772727273,2.75,4,5.3,2.416666667,3,6.333333333,4.928571429,2.1,4.9375,7,6.111111111,2.833333333,3.875,6.277777778,3.333333333,4.388888889,3.375,5.875,3.583333333,4.85,4.9,2.857142857,5.1875,5.541666667,6.166666667,5.4375,4.833333333,2.1,6.75,2.875,5.555555556,4.928571429,5.590909091,5.9375,4.6,2.9375,5.666666667,0.857142857,3.083333333,6.136363636,3.458333333,4.6,6.444444444,3.166666667,5.15,2.045454545,5.4,3.875,6,5.714285714,6.115384615,3.6875,4.95,4.944444444,6.0625,2.625,6.1875,2.666666667,6.416666667,3.791666667,4.714285714,5.666666667,1.636363636,4.2,3,6.423076923,6,4.857142857,6.277777778,3.083333333,4.6875,5.625,6
2.571428571,5.375,6.277777778,5.785714286,2.2,3.583333333,4.35,4.8125,1.208333333,6,1.916666667,4.964285714,5.214285714,4.714285714,3.333333333,6.1,3.5,2.444444444,5.7,5.642857143,6.25,3.25,2.8125,2.944444444,6.25,3.875,5.5,5.166666667,3.333333333,2.25,5.3,2.571428571,4.5,5.95,5.75,2.25,2.625,3.214285714,6.375,2.727272727,5.5,5.590909091,2.5,4.857142857,5.375,2.3,4.357142857,3.75,5.833333333,2.454545455,5.428571429,5.6875,2.785714286,5.9375,6.416666667,6.125,2.227272727,6.3,4.25,4.833333333,5.388888889,4.8,6,2.6,5,5.833333333,6.25,4.85,6.5,4,5.142857143,5.269230769,3.9,3.75,3.9375,2.5,5.083333333,4.85,3.807692308,6.166666667,2.5,4.666666667,4.041666667,5.444444444,5.692307692,6.181818182,5.65,6,5.5,0.833333333,5.75,1.583333333,5.285714286
3.05,6.0625,5.625,5.5,1.714285714,6.55,4.714285714,4.875,4.833333333,6.285714286,5.333333333,4.9,4.4,6,4.166666667,4,6.181818182,4.666666667,4.6,2.35,6.5,5.8,1.75,4,6.25,5.555555556,5.166666667,3.833333333,4.2,6.75,4.916666667,3,2.444444444,4,4,6.333333333,6.642857143,5.464285714,5.6875,5,4.9375,5.833333333,5.1,4.857142857,3.75,3.625,6.214285714,6.5,5.85,5.681818182,4.277777778,3.333333333,5.285714286,2.625,4.333333333,5.214285714,5.555555556,3.3,5.333333333,2,6.192307692,3.038461538,5,4.888888889,5.9,5.944444444,5.318181818,3.2,6.2,5.3125,5.142857143,3,5.785714286,4.166666667,6.625,4.416666667,5.357142857,5,5.5,5.75,4.785714286,5,3.5,6.277777778,5.25,2.35,6.333333333,0.875,4.5,5.083333333,3.642857143,4.666666667,4.375
5,5.7,4.75,4.2,6.25,0.2,2.916666667,6,5.6875,2.928571429,5.727272727,2.75,1.85,4.538461538,1.208333333,5,6.1875,3.75,4.9,5.3125,1.5,5.555555556,6.5,2.777777778,6.15,5.9,5.375,5.5,3.3,5.071428571,5.571428571,5.866666667,5.875,5.888888889,5.681818182,5.125,2,4.2,5.444444444,3.5625,5.444444444,5.875,6.75,4.45,6.55,1.555555556,5.785714286,6,4.85,5.772727273,4.166666667,6.5,5.666666667,4.277777778,2.777777778,5.611111111,6.214285714,6.083333333,4.6,4.111111111,4.125,5.222222222,3.75,5.357142857,4.666666667,6.4,5.4375,4.9,2,3.6,6.333333333,6.333333333,4.625,6.25,6.714285714,2.636363636,2.8125,6.15,4.863636364,5.3125,4.111111111,3.214285714,5.708333333,5.833333333,5,0,4.45,5.821428571,6.125,3.375,6.625,6.25,4.045454545
6.25,6.291666667,6.05,5.071428571,5.2,6,3.142857143,5.65,4.5,5.8,6.071428571,3.3,2.9,6.083333333,5.875,5.833333333,3.571428571,6.142857143,4,4.6,5.5,2.916666667,2.35,3.78125,4.5,6.2,6.166666667,6,2.9,5.75,5.833333333,0.285714286,4.625,6.214285714,5.875,4.392857143,5.3125,2.142857143,4.708333333,5.6875,5.222222222,3.333333333,6.222222222,4.416666667,3.538461538,1.555555556,4.8,0,3.9,6.230769231,6.5,5.5625,6.083333333,4.875,5.714285714,3.777777778,4,6.714285714,0.25,4.4,6.285714286,3.125,6,5.409090909,5.125,4.388888889,4.2,3.722222222,5.818181818,4,5.65,4.375,5.944444444,1.409090909,3.785714286,2.55,5.9,2.944444444,6,4.791666667,5.333333333,5.166666667,6.071428571,6,4,2.928571429,4.5,5.916666667,6.192307692,5.7,2.375,6.083333333,3.833333333
6.333333333,6.083333333,5.214285714,5.1,4.230769231,5.611111111,2.8,3.428571429,3.1,5.214285714,3.166666667,5.125,1.833333333,5.583333333,3.916666667,6,6.333333333,4,5.666666667,4.083333333,5.333333333,6,5.5,6.571428571,3.833333333,2.625,5.5,5.3125,5.3125,6.785714286,0,3.318181818,5.4375,6.75,2.611111111,5.785714286,2.625,2.75,6.375,4.333333333,2.714285714,5.666666667,4.727272727,5,5.25,5.055555556,3.3,5,6.583333333,6.375,5.5,2.416666667,2.583333333,4.583333333,6.3,4.666666667,6.333333333,5.625,2.2,6.5,5.7,5.5,4.833333333,2.714285714,3.2,6.083333333,5.9375,4.321428571,2.875,3.55,4.555555556,5.666666667,5.416666667,4.818181818,3.357142857,1.8,5.25,6.214285714,3.5,4.454545455,5.142857143,4,1.666666667,2.785714286,5.818181818,3.9,5.166666667,5.227272727,6.125,6.583333333,2.916666667,6.142857143,4.8
2.458333333,2.3,3.416666667,5.071428571,4,4.625,5.333333333,4.333333333,5.666666667,6.333333333,4.142857143,5.571428571,4.357142857,3.083333333,6.357142857,5.071428571,3.5,6.090909091,5.416666667,3.818181818,2.083333333,3.833333333,4.272727273,4.785714286,5.9,4.428571429,3.166666667,4.625,5.75,5.0625,6.4375,3.833333333,6.583333333,5.875,5.714285714,6.625,4.136363636,5.833333333,5.714285714,2.416666667,2.916666667,6.3,6.3,6.428571429,6.125,4.666666667,3.714285714,5.5,6,2.625,3.642857143,3.5,4.772727273,4.5,6.75,6.409090909,5.090909091,5,2.2,5.666666667,1.555555556,2.625,2.055555556,4,4.5,5.769230769,5.75,5.444444444,6.083333333,4.857142857,6.214285714,5.916666667,4.8,5.25,5.714285714,3.692307692,6.041666667,4.357142857,6.045454545,4.785714286,5.875,3.071428571,4,6.5,6.071428571,5.214285714,4.85,5.285714286,5.25,3.857142857,3.857142857,5.357142857,4.5
4.25,3.083333333,5.6875,4.35,5.875,0.166666667,5.363636364,2.928571429,6.166666667,5,6.4,4.5,3.611111111,2.857142857,3.636363636,3.8125,1.928571429,1.636363636,3.611111111,5.888888889,5.388888889,1.666666667,4.590909091,5.7,2.833333333,2.5,4.388888889,5.590909091,2.25,5.357142857,3.5,6.375,5.230769231,1,6.15,4.272727273,6.5,5.461538462,5.75,3.833333333,6.4,3.125,5.730769231,5.785714286,3.833333333,6.75,6.125,3.5,6.75,5.8,2.6,3.153846154,4.875,5.666666667,5.611111111,4.7,6.1875,5.4375,4.6875,3.083333333,4.454545455,5.388888889,3.714285714,5.571428571,4,5.944444444,2.944444444,5.791666667,6.285714286,1.285714286,6.2,5.75,6.333333333,5.928571429,6,3.214285714,6.714285714,2.928571429,5.214285714,3.125,5.1,5.666666667,4.083333333,3.125,6.5625,4.625,5.777777778,5.636363636,4.416666667,6,0.125,5.7,5.954545455
2.285714286,3,5.2,6.45,2.4375,2,6.166666667,5.583333333,1.625,5.5,6.071428571,5.153846154,4.5625,6.333333333,5.125,5.59375,4.633333333,5.416666667,6.2,3.333333333,5.5,5.416666667,3.388888889,4.166666667,5.727272727,6.3125,6.285714286,4,6.388888889,3,5.888888889,3.545454545,5.125,3.692307692,3.333333333,6.25,6,6.2,4.928571429,5.9,5.111111111,5,3.666666667,5.214285714,5.875,6,6.230769231,3.409090909,3.166666667,5,4.888888889,4,6.1,4.5,3,1.642857143,4.846153846,4.785714286,2,5.555555556,2.928571429,5.4,5.3,6,5.071428571,5.15,3.214285714,3.111111111,5.785714286,5.888888889,4.25,3.277777778,6.611111111,4.071428571,5.071428571,5.681818182,5.333333333,6.071428571,5.666666667,2.8125,6.5,5.625,2.5,2.166666667,5.1,6.0625,3.3,5.9,4.444444444,2.625,3.777777778,3,4.785714286
6.333333333,5.416666667,2.2,6.1875,6.035714286,5.818181818,5.6875,5.555555556,6.181818182,5.625,6.066666667,2.25,3,3.083333333,5.666666667,5.846153846,4.35,1.090909091,5.5,5.65,4.888888889,4.55,5.777777778,2.5,5.153846154,4.833333333,5.090909091,3.9375,2.642857143,4.0625,5.444444444,4.611111111,5.291666667,5.545454545,6.166666667,2.4,2.142857143,4.666666667,5.681818182,4,5.75,5.875,4.0625,6.277777778,3.181818182,3.65,5.166666667,5,5.5625,2.045454545,3.357142857,4.642857143,6.5,5.5,5.285714286,5,6.0625,6.625,3.9,2.928571429,4.9,4.75,6,6.5,4.272727273,5.25,4.65,6.583333333,3.642857143,2.454545455,6.75,5.2,4.6,5.333333333,5.125,6.625,4.458333333,5.416666667,4.5625,4.5,6.0625,5.666666667,4.777777778,5.366666667,6.25,3.083333333,5.833333333,6.7,0.681818182,4.166666667,5.9,2.888888889,5.833333333
6.5,4.666666667,3.928571429,5.5,4.75,6.5,3.375,2.444444444,3.9375,3.1,6.2,4.833333333,3.5,5.25,3.428571429,5.944444444,4.888888889,5.833333333,6.125,6.4,5.681818182,5.318181818,4.9375,2.0625,1.636363636,3.95,5.5625,6.142857143,5.545454545,4,5.666666667,6,4.6,6.590909091,2.5,5.9,3.25,2.222222222,5.2,3.333333333,5.666666667,5.444444444,3.5,3.625,3.785714286,4.272727273,5.8,6.166666667,2.5,3.454545455,5,0.7,5.5,5.5,5.375,3.5,5.545454545,3.222222222,4.791666667,6,0.321428571,3.3,5.75,5.583333333,2.5,5.428571429,5.5,4.222222222,2.8125,3.4,2.277777778,5.9,4.4,4.5,2.7,1,6.357142857,5.85,5.833333333,3,4.923076923,5.7,3.875,4.5,6.125,5.333333333,6.0625,4,5.75,4.642857143,6.055555556,6.05,6.357142857
5.666666667,4.571428571,6.5,4.357142857,4.875,6,3.5,5.538461538,4.125,6.2,6.428571429,5.666666667,5.9375,5.416666667,4.6,2.666666667,4.9375,6.583333333,5.875,5.1875,5.45,1.25,5.833333333,5.583333333,5.666666667,5.857142857,3.375,5.666666667,5.416666667,1.7,5.454545455,5.9375,4.75,3.5,4.8125,4.384615385,2.5,6,4.857142857,3.3,5.25,4.090909091,4.888888889,4.416666667,3.583333333,4.714285714,5.1875,5.222222222,2.444444444,4.5625,5.8,2,4.7,4.125,2.875,4.25,3.071428571,5.85,3,4.642857143,4.111111111,4.928571429,6.6875,5.875,2.166666667,4.5,3.136363636,6.333333333,2.590909091,4.4375,4.318181818,6,2.583333333,0.727272727,5,4.6,3.357142857,2.6,6.285714286,6.142857143,3.333333333,5.888888889,5.85,4.666666667,1.875,6.333333333,5.7,6,6.25,4.65,2.944444444,5.571428571,5.428571429
4.111111111,3.454545455,4.888888889,2.625,3,6.571428571,6.4,2,5.571428571,5.142857143,6.333333333,5.375,4.363636364,4.75,6.25,5.7,4.444444444,5.166666667,3.3,2.5,4.875,4.833333333,4.1,2.8125,5.555555556,6.05,5.1,5.5625,6.142857143,5.75,3.944444444,6,5.388888889,2.8125,2.8,5.863636364,3.642857143,6.318181818,4.6,3.9375,6.25,4.75,4.583333333,3.5,2.681818182,4.666666667,5.666666667,5.1,0.583333333,5.75,4.357142857,5.944444444,5.625,4.8,5.785714286,6.1,4.111111111,4.785714286,2.5,1.5,5.928571429,4.375,5.1,4.857142857,5,5.4375,5.555555556,4.045454545,5.863636364,3.75,6.166666667,5.75,1.75,6.285714286,3.142857143,6,4.642857143,2.9,5.045454545,4.875,4.333333333,6,5.5,3.3125,6.75,4.666666667,5.7,3.083333333,3.9375,5.5,5.3125,5.875,5.333333333
4.083333333,0.8,5.05,5.5,1.8125,3.625,5.444444444,5.944444444,4.857142857,5.928571429,5.75,6.9375,1.4375,5.05,5.571428571,2.25,4.041666667,5.7,3,5.5625,5.5,5,2.033333333,6.571428571,6.375,5.3125,4.4,6.214285714,5.15,2.625,6.833333333,4.25,2.555555556,4.928571429,6.214285714,2.785714286,3.4375,4.95,5.666666667,4.4,2.928571429,6.333333333,5.142857143,5.8125,5.9375,3.583333333,5.142857143,4.4,6.571428571,5.05,6.571428571,6,3.3,6.333333333,5.875,6.5,6,4.142857143,6.25,5.409090909,4.625,5.333333333,2.818181818,5.833333333,3,4.357142857,4.1875,2.8,5.722222222,3.78125,6,3.4375,6.15,4.888888889,3.25,3.25,3,1.833333333,5.142857143,1.6,5.7,4.0625,5.611111111,4.666666667,3.928571429,3.6875,3.9375,5.666666667,5.75,5.545454545,4.571428571,4.9375,3.5
