"#010300","#022C88","#02529A","#032040","#03406F","#034E49","#086E79","#09384C","#0A3B38","#0C4FA2","#163D1F","#171639","#207427","#261D6E","#293028","#2F2874","#331F3B","#3394B7","#367467","#39319E","#3F597A","#40A144","#41A79A","#427AC4","#430F59","#445507","#487F55","#4E486C","#52253C","#5891A2","#591D1F","#595F51","#5D4263","#5D6355","#5F7AA7","#5FC16E","#642B7C","#685A14","#68A899","#716B92","#7171C9","#73B7C3","#758E00","#76450B","#782918","#7C3D4E","#7D0B45","#7E8274","#83B37F","#84932A","#86A2C9","#8B5F92","#8DCFC1","#8F5AA8","#96484B","#9796C0","#9B081A","#9C1C53","#9DA193","#A25739","#A3E2AC","#A51A01","#AA8F02","#AAC901","#AC6401","#AE783C","#AEBE5A","#AF972D","#B06079","#B28AB7","#B4BAAC","#C4577A","#C5DD24","#D2797D","#D3BE51","#D8DACD","#D8E26A","#DA0B27","#E088A1","#E26164","#E49A5B","#E67E72","#E83406","#F4D000","#F699A1","#F6F7F1","#FAAF99","#FAC88D","#FB702E","#FBA628","#FBEC77","#FCDD2A","#FF8F00"
"#010300",0,4.35714285714286,6.5,3.1875,4.58333333333333,5.92857142857143,5.16666666666667,4,3.375,6.125,4.65,1.75,5.75,5.6,1.83333333333333,4,3.78571428571429,5.875,6.11111111111111,5.35,4.75,6.71428571428571,6.78571428571429,6.09090909090909,5.42857142857143,5.8,4.5,4.25,3.9,6.33333333333333,3.4,5.4,5.66666666666667,3.95,5.83333333333333,6.81818181818182,5.84615384615385,4.5,6.54166666666667,4.625,5.58333333333333,6.27777777777778,5.83333333333333,5.42307692307692,4.36363636363636,5.9,6.11111111111111,5.41666666666667,5.91666666666667,5.3,6.0625,4.625,6.08333333333333,6.3,6.75,6.66666666666667,6.79166666666667,6.64285714285714,5.58333333333333,5.625,5.55555555555556,6.92857142857143,6.08333333333333,6.22727272727273,6.25,6.25,6.11111111111111,6.41666666666667,5.625,6.4375,5.83333333333333,6.83333333333333,5.66666666666667,6.77777777777778,5.77777777777778,6.07142857142857,6.5,6.27272727272727,6.38461538461539,6.5,6.875,5.83333333333333,6.13636363636364,6.64285714285714,6.16666666666667,6.14285714285714,6.53846153846154,6.1,7,6.55,6.9,5.66666666666667,6.38888888888889
"#022C88",4.35714285714286,0.0909090909090909,1.27272727272727,2.5,0.875,2.9,2.5,2.28571428571429,4.33333333333333,1.2,5,3,5.42857142857143,1.41666666666667,3.64285714285714,1.91666666666667,3.85,2.83333333333333,3.875,1.9375,2.72727272727273,4.75,2.88888888888889,2.5,4.5,5.8,4.96428571428571,3.5,5.04545454545455,4,5.5,5.125,5.375,5.25,3.25,5.45,4.54545454545455,5.36842105263158,4.5,3.8,3.61111111111111,3.5,5.9,6.15,5.58333333333333,6,5.9375,6,5.875,5.9,2.96153846153846,3.66666666666667,4.75,5.16666666666667,5,3.1875,6.1875,5.5,6,5.3,4.125,6.77777777777778,5.5,6,6.44444444444444,6.25,4.58333333333333,6.25,5.57142857142857,5.34615384615385,6.25,5.58333333333333,5.66666666666667,6,5.9375,6.41666666666667,4.85714285714286,6.72222222222222,5.4,5.92857142857143,6.21428571428571,5.91666666666667,5.81818181818182,6.64285714285714,6.4375,5.9,6.25,6.16666666666667,6.42307692307692,5.1,5.33333333333333,6,5.68181818181818
"#02529A",6.5,1.27272727272727,0.818181818181818,3.1875,1.66666666666667,3.35,2.04545454545455,2.81818181818182,3.9,0.222222222222222,4,3.7,5.33333333333333,2.57142857142857,4.59090909090909,2.4,4.5,2.66666666666667,3.91666666666667,1.95,2.5,5.35714285714286,3.375,4.25,3.61111111111111,5,5.57142857142857,3.85714285714286,5,3.25,6.15,4.4,4.57692307692308,4.44444444444444,2.41666666666667,4,5,6.4375,3.71428571428571,3.375,2.3125,2.72222222222222,4.95833333333333,5.4375,5.33333333333333,5,4.5,5.06666666666667,4.33333333333333,4.5,2.44444444444444,3.16666666666667,3.6875,5.44444444444444,5.31818181818182,3.35,6.33333333333333,5.58333333333333,6.25,6,4.125,6.0625,6,6.05555555555556,6.58333333333333,6,5.77777777777778,6.4,5.94444444444444,4.5,4.4,5.14285714285714,5.75,5.91666666666667,5.33333333333333,5.96428571428571,6.375,6.63636363636364,6.5,6.36666666666667,4,6,5.72222222222222,6.4,6.1,5.4,5.07692307692308,5.75,5.69230769230769,6.5,6.57142857142857,6.66666666666667,6
"#032040",3.1875,2.5,3.1875,1.11111111111111,2,3.2,3.04166666666667,0.708333333333333,2.25,3.11111111111111,3.72222222222222,1.16666666666667,4.38888888888889,1.9,2.22727272727273,2.35714285714286,1.83333333333333,4,3.95833333333333,2.6875,3,5.3125,4.13636363636364,3.72727272727273,4.5,4.40909090909091,4.81818181818182,3.09090909090909,4.1875,3.95833333333333,5.42857142857143,3.4375,4.04545454545455,4.61111111111111,3.44444444444444,4.9375,4.6875,4.85714285714286,3.9,3.5,3.64285714285714,3.33333333333333,4.9,5.72222222222222,5.07142857142857,5.14285714285714,4.67857142857143,5.55,4.45,4.5,3.5,4.5,4.28571428571429,4.95,4.41666666666667,4.6875,5.90909090909091,5.3125,4.28571428571429,5.79166666666667,5.57142857142857,6.22727272727273,6,5.35714285714286,6.0625,6.9,6.5,6,4.92857142857143,4.6,5.1,6.71428571428571,5.28571428571429,6.625,5.5,6.35714285714286,6.1875,6.41666666666667,5.90909090909091,6.35714285714286,6.5,6.16666666666667,6.5,6.5,6,6.20833333333333,6.71428571428571,6.0625,6.28571428571429,6.38888888888889,5.16666666666667,6.375,5.95
"#03406F",4.58333333333333,0.875,1.66666666666667,2,0.75,2.85714285714286,2.75,1.8125,3.4,1.95,3.64285714285714,2.55,3.8125,1.5,4.1875,1.75,4.66666666666667,3.3,2.9,2,1.66666666666667,4.75,3.1,2.16666666666667,4.5,5.33333333333333,4.5,3.16666666666667,4.16666666666667,3.14285714285714,5.17857142857143,4.55555555555556,4.5,4.81818181818182,3.1,4.625,3.35714285714286,5.125,4.1875,3.08333333333333,3.28571428571429,2.66666666666667,5.25,5.75,5.0625,5.66666666666667,5.40909090909091,5.55555555555556,5.5625,5.28571428571429,2.71428571428571,3.83333333333333,3.91666666666667,5.2,5.36363636363636,4.4,4.94444444444444,4.5,4.875,4.94444444444444,5.16666666666667,6.28571428571429,6.40909090909091,4.83333333333333,6,6.27272727272727,5.33333333333333,5.58333333333333,5.5,6.16666666666667,5,5.5625,6,5.68181818181818,6.5,5.125,4.875,6,5.77777777777778,6.5625,5.61538461538461,6.28571428571429,6.3,6.59090909090909,5.85,5.3,6.03846153846154,6.5,6.66666666666667,5.91666666666667,6.16666666666667,6.3,5.42857142857143
"#034E49",5.92857142857143,2.9,3.35,3.2,2.85714285714286,1.22222222222222,2.75,1.88888888888889,0.833333333333333,2.375,2.27272727272727,2.95454545454545,2.72222222222222,4.53571428571429,3,3.9375,4.1,4,1.69230769230769,3.72222222222222,3.2,2.14285714285714,3,3,4.25,3.375,2.94444444444444,5.16666666666667,5.14285714285714,4.22727272727273,6.25,2.83333333333333,4.1875,3.58333333333333,4.16666666666667,3.11111111111111,4.95833333333333,3.95,3.05555555555556,4.9,4.5,4.13636363636364,3.16666666666667,5.8,5.95454545454545,4.875,5.6875,3.16666666666667,3.16666666666667,3.58333333333333,4.375,4.5,4.77777777777778,6.08333333333333,5.5,5.7,5.41666666666667,5.95454545454545,4,5.25,4.07692307692308,4.61111111111111,4.75,4.75,6.14285714285714,6.33333333333333,3.71428571428571,5.66666666666667,4.71428571428571,4.25,3.45,5,3.5,6,6.5,5.73076923076923,3.57142857142857,6.05555555555556,6.33333333333333,5.89285714285714,5.85714285714286,6.5,6.08333333333333,6.9,5.95454545454545,6.2,6.44444444444444,5.61111111111111,5.7,6.5,5.77272727272727,5.8,5.75
"#086E79",5.16666666666667,2.5,2.04545454545455,3.04166666666667,2.75,2.75,0.333333333333333,3.42857142857143,3.8,2.18181818181818,5.125,4.5,2.7,3.39285714285714,3.5,3.21428571428571,5,2.75,1.875,6,3.2,4.08333333333333,3.28571428571429,3,3.83333333333333,4.36363636363636,3.71428571428571,3.75,5.64285714285714,2.78571428571429,5.92857142857143,3.8125,5.25,4.875,3.5,3.75,4.375,3,3.1,7,3.875,2.42857142857143,6,5.9,5.75,5.0625,4.92857142857143,4.91666666666667,3.6875,4.55,2.88888888888889,5.5,2.91666666666667,5.45,5.2,4.5,5.33333333333333,5.95454545454545,4.31818181818182,5.875,3.33333333333333,4.5,6.2,5.38888888888889,6.5,5.55555555555556,4.05555555555556,6,4.85714285714286,4.83333333333333,3.75,5.92857142857143,5.25,5.875,6.21428571428571,4.9,4.45,5.84615384615385,4.92857142857143,6.25,5,5.83333333333333,6.25,6.27777777777778,5.875,4.66666666666667,5.5,3.33333333333333,6.5,5.85714285714286,5.7,5.1875,6.28571428571429
"#09384C",4,2.28571428571429,2.81818181818182,0.708333333333333,1.8125,1.88888888888889,3.42857142857143,0.1,1.4375,2.42857142857143,2.30769230769231,1.64285714285714,4.3125,1.5,3.05555555555556,2,4.8125,3.1,2.9,3.1,2.2,4.8125,3.85714285714286,3.72222222222222,4.07142857142857,4.16666666666667,3.78571428571429,3,3.78571428571429,3.57142857142857,5.58333333333333,4.9,4.85,4.22222222222222,4.4375,4.875,3.21428571428571,4.16666666666667,3.08333333333333,5,3.6875,2.9375,5.15,5.90625,4.81818181818182,5.5,5,4.125,3.57142857142857,4.66666666666667,3.27272727272727,5.6875,4.05555555555556,4.91666666666667,4.8,4.4375,5.92857142857143,5.2,5.33333333333333,5.44444444444444,4.44444444444444,5.71428571428571,6,4.91666666666667,6.3,5.64285714285714,5.08333333333333,5.875,6.6,5.88888888888889,5,5.1875,5.6,5.6,5.8,5.5,5.625,4.6,5.8125,6.4,6,5.5,6.14285714285714,6.33333333333333,6.2,4.85714285714286,5.92857142857143,5.83333333333333,5.76923076923077,6.375,5.83333333333333,6.5625,6.33333333333333
"#0A3B38",3.375,4.33333333333333,3.9,2.25,3.4,0.833333333333333,3.8,1.4375,0.833333333333333,3.58333333333333,0.8125,3.03571428571429,3.07692307692308,3.625,2.33333333333333,3.85,4.28571428571429,4.66666666666667,2.28571428571429,4.25,3.61111111111111,3.83333333333333,3.85714285714286,4.35714285714286,5.5,2.25,2.9,5.125,5,3.45,5.45833333333333,3.35,5.1,4.25,3.86666666666667,3.04545454545455,5.2,4.1,2.75,4.6875,4.5,5.33333333333333,2.95,5.61111111111111,5.73076923076923,5.125,5.28571428571429,3.41666666666667,3.05,3.875,5.05,5.3,4.66666666666667,5.6,5.57142857142857,5.36363636363636,5.91666666666667,4.375,3.5,5,3.58333333333333,6.55555555555556,5,4.42857142857143,5.27777777777778,4.6,3.72727272727273,5.33333333333333,5.91666666666667,5.91666666666667,3,5.58333333333333,4,6.5,5.22222222222222,5.8,5.3,6.6,6.58333333333333,6.2,6,6.65,6,6.5,6.4375,6.41666666666667,6.07142857142857,5.85,6,6.25,6.5,5.5,6.83333333333333
"#0C4FA2",6.125,1.2,0.222222222222222,3.11111111111111,1.95,2.375,2.18181818181818,2.42857142857143,3.58333333333333,0.285714285714286,4.875,2.7,5.71428571428571,3.25,4.90909090909091,2.85714285714286,3.5625,2.83333333333333,3.94444444444444,2.07142857142857,1.33333333333333,5.35714285714286,2.75,0.5,4.5625,5.91666666666667,5,3.5,4.68181818181818,2.71428571428571,4.5,5.5,3.70833333333333,4.5,2.72727272727273,4.3,3.75,5.94444444444444,3.75,4,3.4,2.83333333333333,4.75,5.83333333333333,5.77272727272727,5.28571428571429,6.4,5.58333333333333,4.2,5.75,3,4.72222222222222,3.4,5.72222222222222,6,3.625,6.4375,5.72222222222222,5.57142857142857,5.5,5.25,6.25,5.7,5.875,6.5,6.36363636363636,4.78571428571429,6.11111111111111,5.66666666666667,5.57142857142857,5.16666666666667,5.88888888888889,5.42857142857143,5.33333333333333,5.88888888888889,6.375,6.6,5.95,5.3,6.25,6.375,5.8,6.44444444444444,5.7,5.125,6.5,5.55,5.875,6.07142857142857,6.33333333333333,6.7,5.61111111111111,6.16666666666667
"#163D1F",4.65,5,4,3.72222222222222,3.64285714285714,2.27272727272727,5.125,2.30769230769231,0.8125,4.875,0.333333333333333,3.25,2.41666666666667,4.4375,2.25,5,4.125,4.9,3.2,4.8125,5.07142857142857,3,4,4.95,5.3125,2.42857142857143,2.375,5,4.5,4.91666666666667,3.9375,2.7,5.3,3.1875,5.6,3.27777777777778,5.5,3.30769230769231,3.5,4.72222222222222,5.1875,5.14285714285714,3.44444444444444,3.7,6,5.79166666666667,6.66666666666667,3.77272727272727,2.75,3.22222222222222,5.20833333333333,5.91666666666667,4.95454545454545,6.66666666666667,5.5,6,6.5,6.21428571428571,5.5,6,3.05,6.35714285714286,5.875,4.04545454545455,6.35714285714286,5.875,2.90909090909091,4.35714285714286,6.5,5.875,3.75,5.6875,3.9,5.95833333333333,5.16666666666667,6.25,4.4,6.8,5.25,5.7,6,6.07142857142857,6.25,5.64285714285714,6.8125,6.625,5.91666666666667,6.07142857142857,6.4,6.35714285714286,5.125,6.08333333333333,6.5
"#171639",1.75,3,3.7,1.16666666666667,2.55,2.95454545454545,4.5,1.64285714285714,3.03571428571429,2.7,3.25,0.222222222222222,4.3,1.875,2.1,2.16666666666667,2.3,3.92857142857143,4.35714285714286,3.05555555555556,2.875,5.42307692307692,3.8125,3.66666666666667,2.78571428571429,5.125,6.16666666666667,2.35714285714286,4.30769230769231,3.75,4.11111111111111,4.44444444444444,3.25,4.08333333333333,4,4.08333333333333,4.14285714285714,4.875,3.5,3.83333333333333,4.1875,4.5,4.5,5.16666666666667,5.5,4.5,4.85,6.11111111111111,4.55555555555556,4.6875,3.64285714285714,4.27777777777778,4.25,4.2,5.42857142857143,4.08333333333333,5.61904761904762,6.375,5.42857142857143,5.8,4.3,5.57142857142857,6.3,5.5,5.31818181818182,6.5,5.4375,5.16666666666667,5.6,5.17857142857143,3.66666666666667,6.10714285714286,5.6875,5.8,5.65,6.07142857142857,6.44444444444444,5.6,6.09090909090909,6.375,6.70833333333333,6.625,6.1875,6.65,6.41666666666667,5.7,6.5,6.2,5.44444444444444,6.5,5.8125,6.64285714285714,6.54545454545455
"#207427",5.75,5.42857142857143,5.33333333333333,4.38888888888889,3.8125,2.72222222222222,2.7,4.3125,3.07692307692308,5.71428571428571,2.41666666666667,4.3,0.625,5.6875,3.5,5.42857142857143,5.5,4.68181818181818,2.07142857142857,5.21428571428571,4.375,2.44444444444444,4.125,5,5.71428571428571,1.05555555555556,1.66666666666667,5.5,6.05,4.83333333333333,5.66666666666667,3.16666666666667,6.13636363636364,3.64285714285714,5.09090909090909,2.16666666666667,6.5,4.2,4.05,5.65384615384615,6,4.75,1.83333333333333,5.54166666666667,6.41666666666667,6.3,5.55555555555556,3.25,2.4375,2.2,4.75,6.27777777777778,3.95833333333333,6.40625,6.07142857142857,6.22222222222222,5.78571428571429,6.22222222222222,3,5.58333333333333,3,6.16666666666667,4.5,2.72222222222222,5.42857142857143,5.04545454545455,3,4.27272727272727,7,6.4,4.625,6,2.8,5.3125,3.75,6.3,3.76923076923077,6.15,6.85714285714286,5.95833333333333,6.44444444444444,5.81818181818182,5.5,5.70833333333333,6.22222222222222,6.21428571428571,5.92857142857143,4.5625,6.5,6.125,4.25,6.4,6.125
"#261D6E",5.6,1.41666666666667,2.57142857142857,1.9,1.5,4.53571428571429,3.39285714285714,1.5,3.625,3.25,4.4375,1.875,5.6875,0,4.55,0.375,2.65,3,4.5625,1.125,2.64285714285714,4.1,4,2.1,5.33333333333333,5,4.42857142857143,3.08333333333333,4.05555555555556,3.25,4.8125,5.66666666666667,4.07142857142857,5.1,2.75,6.625,3.6,5.4,4.33333333333333,2.3125,2.55555555555556,3.44444444444444,5.41666666666667,6.35,6.4,4.7,4.83333333333333,6.13636363636364,5.3,5.88888888888889,3.40909090909091,4.09090909090909,4.41666666666667,4.38888888888889,5.57142857142857,3.25,4.88888888888889,5.57142857142857,5.35714285714286,5.71428571428571,4.64285714285714,6.41666666666667,6.33333333333333,5.9,6.14285714285714,5.22222222222222,5.61111111111111,6.0625,5.27777777777778,3.77777777777778,5.5,4.83333333333333,5.41666666666667,6.21428571428571,6.58333333333333,5.13636363636364,5.94444444444444,5.57142857142857,5.85714285714286,5.44444444444444,6.16666666666667,5.57142857142857,6.1875,6.5,5.9,6.6,6.375,6.75,5.53846153846154,6.58333333333333,6,6.63636363636364,7
"#293028",1.83333333333333,3.64285714285714,4.59090909090909,2.22727272727273,4.1875,3,3.5,3.05555555555556,2.33333333333333,4.90909090909091,2.25,2.1,3.5,4.55,0.444444444444444,4.5,2.33333333333333,5.5,2.4,5.21428571428571,4.35714285714286,4.64285714285714,3.4375,5.5,4.35714285714286,2.16666666666667,3.9,4.75,3.9375,5.66666666666667,4.875,2.2,4.6,2.57142857142857,4.30769230769231,3.05555555555556,5.33333333333333,4.6,4.53571428571429,5.5,6.0625,5.7,3.4375,4.75,5.8,6,4.75,2.83333333333333,4.25,4,5.125,5.875,3.75,6.5625,5.46875,6.7,6.4375,6,3.77777777777778,4.61111111111111,3.625,6.33333333333333,5.375,4.6,5.42857142857143,5.78571428571429,4.27272727272727,5.2,6.25,5.83333333333333,4.16666666666667,6.33333333333333,5.125,5.625,5.33333333333333,6.1,4.66666666666667,5.78571428571429,6.375,6.4375,6.3125,6.375,6.04545454545455,6.0625,6.44444444444444,6.9,6.5625,6.875,6.375,6.5625,5.25,5.55555555555556,6.35
"#2F2874",4,1.91666666666667,2.4,2.35714285714286,1.75,3.9375,3.21428571428571,2,3.85,2.85714285714286,5,2.16666666666667,5.42857142857143,0.375,4.5,1.25,4,3.375,4.1,1.38888888888889,3.22222222222222,5.95,4.41666666666667,2.6,2.57142857142857,4.7,4.5,2.96666666666667,5.5,3.41666666666667,5.5,5.125,5.33333333333333,4.8125,2.85714285714286,4.64285714285714,3,5.33333333333333,4.5,2.66666666666667,2.625,4.4,5.38888888888889,6.25,5.66666666666667,4.69230769230769,5.8125,5.4,5.83333333333333,5.5,2.5,3.61111111111111,5,3.83333333333333,5.4,4.1,5.9,5.11111111111111,6,5.64285714285714,4.77272727272727,5.9,5.68181818181818,5.625,6.11111111111111,6.16666666666667,5.64285714285714,5.91666666666667,5.55555555555556,4.36363636363636,5.33333333333333,6.1875,6.05555555555556,6.05,6.3,6.45,6.33333333333333,6.2,5.6875,7,6.41666666666667,5.9375,6.45454545454545,6.21428571428571,5.68181818181818,6.3,6.1,6,6.83333333333333,6.5,6.82352941176471,6.3,6.42857142857143
"#331F3B",3.78571428571429,3.85,4.5,1.83333333333333,4.66666666666667,4.1,5,4.8125,4.28571428571429,3.5625,4.125,2.3,5.5,2.65,2.33333333333333,4,0.678571428571429,4.375,5.875,2.5,2.83333333333333,6.35714285714286,4.9,4.70833333333333,1.5,5,5.4375,3.5,1.81818181818182,6.07142857142857,5.66666666666667,4.71428571428571,2.28571428571429,5.21428571428571,4.22222222222222,6.41666666666667,2.25,4.77272727272727,5.55,2.88888888888889,3.85,4.75,6,3.66666666666667,3.5,3.57142857142857,2.72222222222222,5.55555555555556,5.41666666666667,5.375,5.16666666666667,2.9,6.375,2.66666666666667,3.6,2.64285714285714,4.7,3.75,5.55555555555556,5.25,6.1875,5.18181818181818,6.33333333333333,5.83333333333333,5.8,4.6875,6.4,5.85,4.42857142857143,3.375,5.88888888888889,5.2,6,5.45833333333333,6.3,6.1,5.8,5.57142857142857,4.5,5.5,5.4,4.57142857142857,6,5.77777777777778,4.625,5.92857142857143,5.6,6,6.57142857142857,6.4,6.4,6.5,5.4
"#3394B7",5.875,2.83333333333333,2.66666666666667,4,3.3,4,2.75,3.1,4.66666666666667,2.83333333333333,4.9,3.92857142857143,4.68181818181818,3,5.5,3.375,4.375,0.5,3.27272727272727,2.57142857142857,3.58333333333333,5.07142857142857,1.91666666666667,1.44444444444444,6.04545454545455,5.05555555555556,5.11538461538461,4.26923076923077,5.25,0.416666666666667,6.33333333333333,5.125,5.16666666666667,5.66666666666667,2.32142857142857,4.75,4.75,6,3.09090909090909,4.5,3.66666666666667,2.03846153846154,5.125,6.5,5.9,7,4.625,5.1,4.6,5.65,2.5,5.07142857142857,2.55,5.22222222222222,5.91666666666667,4,6.1875,5.15,5.54166666666667,5.66666666666667,4.21428571428571,6.33333333333333,6,4.81818181818182,6.1,5.0625,5,5.64285714285714,4.92857142857143,4.8125,5.23333333333333,6.10714285714286,5.31818181818182,6.2,6.13636363636364,4.75,5.85714285714286,5.78571428571429,5.3125,5.94444444444444,6.1,5.77777777777778,6.42307692307692,4.5,6,6.15,5.55555555555556,6.35714285714286,6.5,6.07142857142857,5.1,4.625,6.5
"#367467",6.11111111111111,3.875,3.91666666666667,3.95833333333333,2.9,1.69230769230769,1.875,2.9,2.28571428571429,3.94444444444444,3.2,4.35714285714286,2.07142857142857,4.5625,2.4,4.1,5.875,3.27272727272727,0.166666666666667,5.2,3.33333333333333,2.64285714285714,2.5,3.4,5.40909090909091,3.88888888888889,1.66666666666667,4.9375,6.66666666666667,3.78571428571429,5.875,3.35714285714286,5.39285714285714,3.42857142857143,4.45,2.66666666666667,4.85714285714286,4.21428571428571,3.05555555555556,4.94444444444444,5.25,3.73076923076923,2.66666666666667,5.72727272727273,5.25,6.10714285714286,5.875,2.92857142857143,2.66666666666667,3.4375,3.80769230769231,4.5,2.75,6.1,5.5,4,6.22222222222222,5.88888888888889,3.27777777777778,5.6,3.34615384615385,6.25,5.40909090909091,3.71428571428571,5.57142857142857,5.85714285714286,3.46153846153846,5.25,5.7,5.6,4.8125,5.31818181818182,3.85,6.3,5.28571428571429,5.54166666666667,4.85714285714286,6.375,5.83333333333333,6.1,5.6,4.66666666666667,6.0625,5.5,5.35,5.6,5.83333333333333,6,5.78571428571429,6.22222222222222,5.85,4.9,6.625
"#39319E",5.35,1.9375,1.95,2.6875,2,3.72222222222222,6,3.1,4.25,2.07142857142857,4.8125,3.05555555555556,5.21428571428571,1.125,5.21428571428571,1.38888888888889,2.5,2.57142857142857,5.2,0.791666666666667,2.16666666666667,5.5,3.9,2.75,4.4,4.5,5.22222222222222,3.13636363636364,5.11111111111111,3.08333333333333,5.72222222222222,6,4.33333333333333,4.85,2,5.7,3.75,6.08333333333333,3.75,3.5,3.25,3.14285714285714,5.35,6.28571428571429,6.42857142857143,5.75,6,4.90909090909091,5,5.09090909090909,3.22727272727273,3.875,4.23076923076923,3.63636363636364,5.57142857142857,3.375,5.95,5.4375,5.5,5.5,4.42857142857143,6.5,5.6,5.83333333333333,6.8,5.41666666666667,4.5,5.42307692307692,5.69230769230769,3.91666666666667,5.8,5.5,5.66666666666667,5.75,5.5,5.92857142857143,4.625,6.8,5.8,6.875,6.11111111111111,6.11538461538461,5.66666666666667,5.88888888888889,2.66666666666667,6,5.25,5.9375,4.4,6.38888888888889,5.6,6.05555555555556,5.6875
"#3F597A",4.75,2.72727272727273,2.5,3,1.66666666666667,3.2,3.2,2.2,3.61111111111111,1.33333333333333,5.07142857142857,2.875,4.375,2.64285714285714,4.35714285714286,3.22222222222222,2.83333333333333,3.58333333333333,3.33333333333333,2.16666666666667,0.9,4.14285714285714,3.875,2.85714285714286,4.1,5,3.55555555555556,2.7,4.88888888888889,3,5.16666666666667,5.2,4.32352941176471,4.5,2.08333333333333,4.1,5.05,5.27272727272727,3.66666666666667,2.82142857142857,1.83333333333333,3.86363636363636,4.625,4.5,5.8,4.7,5.375,4.79166666666667,4.5,4.77777777777778,3,3.91666666666667,3.33333333333333,5.04166666666667,5.5,2.71428571428571,5.25,4.45454545454545,4.5,5.63636363636364,3.91666666666667,5.75,5.2,5.42857142857143,5.5,5,5.41666666666667,6.13636363636364,5.25,4.94444444444444,3.9375,5.3125,5.42857142857143,5.57142857142857,6.5,4.80769230769231,5.71428571428571,6.05,6.14285714285714,4.6875,5,5.27272727272727,6.57142857142857,6.03846153846154,6.3,6,5.4,5.33333333333333,6.1875,5.61111111111111,6.2,6.0625,6.11111111111111
"#40A144",6.71428571428571,4.75,5.35714285714286,5.3125,4.75,2.14285714285714,4.08333333333333,4.8125,3.83333333333333,5.35714285714286,3,5.42307692307692,2.44444444444444,4.1,4.64285714285714,5.95,6.35714285714286,5.07142857142857,2.64285714285714,5.5,4.14285714285714,0.363636363636364,2.5,4.7,5.70833333333333,2.1,2.5,5.91666666666667,6.3125,5.64285714285714,6.33333333333333,2.85714285714286,5.88888888888889,3.59090909090909,4.75,1,6.75,3.54545454545455,3.6,5.33333333333333,4.5,4.88888888888889,2.35714285714286,5.7,6.16666666666667,5.83333333333333,5.64285714285714,3.375,1.85,2.5625,4.4,5.75,3.79166666666667,5.41666666666667,5.44444444444444,5.5,6.5625,6.08333333333333,3.375,6.05555555555556,2.375,7,3.85714285714286,2.75,5.78571428571429,4.78571428571429,2.85,4.16666666666667,5.77272727272727,6.83333333333333,4.31818181818182,6.6,3.42307692307692,5.25,5.33333333333333,5.75,3.72222222222222,6.9,5.2,6.42857142857143,5.92857142857143,6.15,6.86363636363636,6.33333333333333,6.5625,5.8,5.5,6.18181818181818,5.5,5.57142857142857,5.4,4.64285714285714,6.375
"#41A79A",6.78571428571429,2.88888888888889,3.375,4.13636363636364,3.1,3,3.28571428571429,3.85714285714286,3.85714285714286,2.75,4,3.8125,4.125,4,3.4375,4.41666666666667,4.9,1.91666666666667,2.5,3.9,3.875,2.5,1.9375,3.875,5.27777777777778,3.5,3.22222222222222,5.9,5.95833333333333,2.22727272727273,6.22222222222222,4.1875,4.95833333333333,3.85714285714286,3.2,2.9,5.125,5.58333333333333,1.08333333333333,3.92307692307692,5.33333333333333,2.5,4.27272727272727,6.3125,6.16666666666667,5.8,5.3125,3.71428571428571,3.75,3.9375,3.25,4.96428571428571,2.5,5.35,5.57692307692308,4.16666666666667,6.125,5.6875,3.85714285714286,5.375,3.1,6.28571428571429,5.33333333333333,4.2,5.64285714285714,6,3.625,6.66666666666667,5.55,5.25,3.81818181818182,5.95,4.77272727272727,6.2,4.9,5.375,4.57142857142857,6.45454545454545,5.23076923076923,4.75,5.22222222222222,5.8,5.9,4.85714285714286,5.21428571428571,6.27777777777778,5.9375,5,4.125,5.41666666666667,6.28571428571429,5.9375,5.1875
"#427AC4",6.09090909090909,2.5,4.25,3.72727272727273,2.16666666666667,3,3,3.72222222222222,4.35714285714286,0.5,4.95,3.66666666666667,5,2.1,5.5,2.6,4.70833333333333,1.44444444444444,3.4,2.75,2.85714285714286,4.7,3.875,0.1,4.25,5.54166666666667,5.05555555555556,2.94444444444444,4.875,2.35,6.375,5.1,4.73076923076923,6.08333333333333,2.29166666666667,5.4,4.85714285714286,5.85714285714286,3.6,3.23529411764706,2.1,2.33333333333333,4.6,6.4375,5.25,5.625,6.16666666666667,5.13636363636364,4.8,6.0625,2.4375,4.61111111111111,3.44444444444444,4.26923076923077,5.5,3.08333333333333,5.6,6.1875,5.25,5.9375,4,6.16666666666667,5.22222222222222,5.41666666666667,5.8125,5.92857142857143,4.58333333333333,6.0625,6.21428571428571,5,5.3,5.83333333333333,6.05555555555556,5.1875,6,5.64285714285714,5.5,5.875,6.75,6.22222222222222,4.5625,5.25,6.45,5.64285714285714,5.64285714285714,5.57142857142857,6.125,5.9,6.4,5.75,6,6.33333333333333,6.22727272727273
"#430F59",5.42857142857143,4.5,3.61111111111111,4.5,4.5,4.25,3.83333333333333,4.07142857142857,5.5,4.5625,5.3125,2.78571428571429,5.71428571428571,5.33333333333333,4.35714285714286,2.57142857142857,1.5,6.04545454545455,5.40909090909091,4.4,4.1,5.70833333333333,5.27777777777778,4.25,0,5.75,6.0625,1.4,3.45833333333333,5.125,3.375,4.91666666666667,2.22222222222222,5.28571428571429,3.4,3.9,1.4,5.4,5.1,2.83333333333333,3.3,5.8125,6.6,5.75,4.44444444444444,2.91666666666667,4.33333333333333,5.75,6.42857142857143,6.45454545454545,4.125,3.07142857142857,6.16666666666667,2.55555555555556,4.8,2.96428571428571,5,3.66666666666667,6,5.35714285714286,5.58333333333333,4.625,5.88888888888889,6,6,3.875,6.0625,6.22727272727273,4,3.3125,4.16666666666667,4.625,6.53333333333333,4.5625,6.44444444444444,5.92857142857143,6.28571428571429,5.57142857142857,4.41666666666667,4.125,6.5,5.4375,6.58333333333333,5.41666666666667,5.57142857142857,6.5,6.9,6.42307692307692,6.125,3.5,5.9,6.27777777777778,6.5
"#445507",5.8,5.8,5,4.40909090909091,5.33333333333333,3.375,4.36363636363636,4.16666666666667,2.25,5.91666666666667,2.42857142857143,5.125,1.05555555555556,5,2.16666666666667,4.7,5,5.05555555555556,3.88888888888889,4.5,5,2.1,3.5,5.54166666666667,5.75,0.388888888888889,2.9375,5.375,5.5,5.41666666666667,5.08333333333333,2.5,4.625,2.5,5.66666666666667,2.75,6.6,2.88888888888889,4.625,6,6.07142857142857,5.1875,2.59090909090909,4.54166666666667,5.8,5.5,6.13636363636364,3.94444444444444,2.83333333333333,2.58333333333333,5.15,5.42857142857143,4.25,5.29166666666667,4.14285714285714,6.14285714285714,5.5,6,3.5,7,3.25,6.3,3.8,2.5,5.65,3.66666666666667,2.71428571428571,3.625,6.28571428571429,5.64285714285714,5.25,5.5,3.36363636363636,5.2,4.16666666666667,4.79166666666667,4.5,6.2,5.83333333333333,5.72727272727273,5.53125,5.64285714285714,5.86363636363636,5.125,6.33333333333333,5.75,6.1,6.64285714285714,6.25,5.33333333333333,4.875,5.7,4.875
"#487F55",4.5,4.96428571428571,5.57142857142857,4.81818181818182,4.5,2.94444444444444,3.71428571428571,3.78571428571429,2.9,5,2.375,6.16666666666667,1.66666666666667,4.42857142857143,3.9,4.5,5.4375,5.11538461538461,1.66666666666667,5.22222222222222,3.55555555555556,2.5,3.22222222222222,5.05555555555556,6.0625,2.9375,2.3125,4.7,3.5,3.07142857142857,4.9375,2.96153846153846,5.78571428571429,2.08333333333333,4.5,1.9,5.86363636363636,5.5,2.8,6.27777777777778,4.88888888888889,4.625,2.5,4.91666666666667,6,5.8,6.17857142857143,3.125,2.67857142857143,2.6,4.375,5.45833333333333,4.6875,6.375,5.9375,4.33333333333333,5.58333333333333,6.5,3.40909090909091,6.2,3.2,5.6875,4.71428571428571,5.16666666666667,4.27272727272727,5.125,3.22222222222222,5,5.28571428571429,6.33333333333333,3.875,5.875,3.6,5.65384615384615,4.625,5.79166666666667,4.1,5.75,6,5.91666666666667,6.11111111111111,6.3,6.35714285714286,4.7,6.33333333333333,5.95833333333333,5.08333333333333,5.92857142857143,5.76923076923077,6,5,3.66666666666667,5.375
"#4E486C",4.25,3.5,3.85714285714286,3.09090909090909,3.16666666666667,5.16666666666667,3.75,3,5.125,3.5,5,2.35714285714286,5.5,3.08333333333333,4.75,2.96666666666667,3.5,4.26923076923077,4.9375,3.13636363636364,2.7,5.91666666666667,5.9,2.94444444444444,1.4,5.375,4.7,0.416666666666667,3.25,4.05555555555556,4.33333333333333,4.625,1.35714285714286,4.16666666666667,3.2,5.64285714285714,2.64285714285714,5.72727272727273,4.75,1.83333333333333,2.73076923076923,4.6,5.5,5.35,5.8,4.625,4.41666666666667,5.875,3.625,5.91666666666667,4,2.0625,5.3,3.625,4.5,2.5,4.27777777777778,4.42857142857143,4.42857142857143,5.7,5.46153846153846,5.14285714285714,5.61111111111111,6.44444444444444,5.75,6,5.45,6.07142857142857,5.08333333333333,2.70833333333333,5.1875,4.3125,5.9375,4.61111111111111,5.875,4.65,5.9375,6.21428571428571,4.78571428571429,5.14285714285714,5.39285714285714,5,5.83333333333333,6,5.07142857142857,5.85714285714286,5.14285714285714,5.58333333333333,6.27777777777778,6.16666666666667,6,5.6,6.05555555555556
"#52253C",3.9,5.04545454545455,5,4.1875,4.16666666666667,5.14285714285714,5.64285714285714,3.78571428571429,5,4.68181818181818,4.5,4.30769230769231,6.05,4.05555555555556,3.9375,5.5,1.81818181818182,5.25,6.66666666666667,5.11111111111111,4.88888888888889,6.3125,5.95833333333333,4.875,3.45833333333333,5.5,3.5,3.25,0.277777777777778,6.07142857142857,1.875,5.125,2.8,5.375,4.54545454545455,6.57142857142857,3.6,4.8,5.4,3.55,5.58333333333333,5.91666666666667,6.05555555555556,4.79166666666667,1.8,2.36363636363636,1.9375,5.27777777777778,6,5.375,4.83333333333333,3.66666666666667,5.91666666666667,2.25,2.66666666666667,4.07142857142857,2.85,3.54166666666667,6,4.5,6.07142857142857,4.0625,5.05555555555556,6.25,5.75,4.94444444444444,5.33333333333333,5.35714285714286,3.05555555555556,4.42857142857143,4,4.05555555555556,6.1875,4.25,5.6875,5.42857142857143,6.54545454545455,3.6875,4.5,3.4,5.125,4.07142857142857,4.9375,6.25,4.3,6.5,4.64285714285714,5,5.27777777777778,6,6.1,6.71428571428571,5.66666666666667
"#5891A2",6.33333333333333,4,3.25,3.95833333333333,3.14285714285714,4.22727272727273,2.78571428571429,3.57142857142857,3.45,2.71428571428571,4.91666666666667,3.75,4.83333333333333,3.25,5.66666666666667,3.41666666666667,6.07142857142857,0.416666666666667,3.78571428571429,3.08333333333333,3,5.64285714285714,2.22727272727273,2.35,5.125,5.41666666666667,3.07142857142857,4.05555555555556,6.07142857142857,0.85,5.75,5.16666666666667,4.58333333333333,4.5,2.95,4,5.42857142857143,5.375,2.28571428571429,3.85,4.16666666666667,2.38888888888889,4.6,5.78571428571429,6.4,5.41666666666667,5.22222222222222,4.61111111111111,3.54166666666667,4.42857142857143,3.33333333333333,4.15,2.27777777777778,5.75,6.1,3.35714285714286,5.28571428571429,6.33333333333333,4,6.5,3.45454545454545,5.72222222222222,4.78571428571429,4.5625,6.16666666666667,6.6,4.5,5.4,5.71428571428571,4.64285714285714,4.3,5.68181818181818,5.09090909090909,5.64285714285714,5.54166666666667,6.14285714285714,4.75,5.28571428571429,5.77777777777778,6.25,5.875,6.16666666666667,5.7,6.07142857142857,4.28571428571429,5,6.05555555555556,5.6,6,6.33333333333333,5.83333333333333,5.79166666666667,6
"#591D1F",3.4,5.5,6.15,5.42857142857143,5.17857142857143,6.25,5.92857142857143,5.58333333333333,5.45833333333333,4.5,3.9375,4.11111111111111,5.66666666666667,4.8125,4.875,5.5,5.66666666666667,6.33333333333333,5.875,5.72222222222222,5.16666666666667,6.33333333333333,6.22222222222222,6.375,3.375,5.08333333333333,4.9375,4.33333333333333,1.875,5.75,0.363636363636364,5.8,3.9375,5.5,5.83333333333333,6.55555555555556,4.66666666666667,4.8125,6.58333333333333,4.92857142857143,5,5,6.5,3.5,0.875,2.35,2.375,5.875,6.28571428571429,5.72222222222222,5.1,4.77272727272727,7,4.42857142857143,2.27777777777778,5.125,3,2.81818181818182,5.5,3.875,6.25,2.875,5.35714285714286,6.5,4.1,5.45,6.07692307692308,5.76923076923077,3.18181818181818,4.72727272727273,5.7,3.33333333333333,6.2,3.83333333333333,5.625,6.38888888888889,5.57142857142857,3.58333333333333,3.8125,3.77777777777778,4.09090909090909,3.75,3.625,5.8,4.44444444444444,6.625,4.03846153846154,5.22222222222222,5.27272727272727,5.35,6.71428571428571,5.85714285714286,5.5
"#595F51",5.4,5.125,4.4,3.4375,4.55555555555556,2.83333333333333,3.8125,4.9,3.35,5.5,2.7,4.44444444444444,3.16666666666667,5.66666666666667,2.2,5.125,4.71428571428571,5.125,3.35714285714286,6,5.2,2.85714285714286,4.1875,5.1,4.91666666666667,2.5,2.96153846153846,4.625,5.125,5.16666666666667,5.8,1.05555555555556,4.83333333333333,0.222222222222222,4,3.7,6.25,3.625,4.5,5.16666666666667,5.92857142857143,4.5625,3.16666666666667,4.125,6.05555555555556,5.07142857142857,5.88888888888889,2.33333333333333,3.0625,3.3125,5,5.83333333333333,4.21428571428571,4.95,4.66666666666667,4.14285714285714,6.1875,6.33333333333333,3.7,4.33333333333333,3.5,6.2,4.125,4.1,4.35714285714286,4.91666666666667,3.20833333333333,4.71428571428571,5.46666666666667,6.14285714285714,3.16666666666667,5.5625,5.16666666666667,5.28571428571429,4,3.375,3.42857142857143,6.22222222222222,5.0625,5.58333333333333,5.625,6.0625,6.77777777777778,4.3,5.66666666666667,7,5.4375,5.86363636363636,5.75,6.15,5.42857142857143,5.75,5.86363636363636
"#5D4263",5.66666666666667,5.375,4.57692307692308,4.04545454545455,4.5,4.1875,5.25,4.85,5.1,3.70833333333333,5.3,3.25,6.13636363636364,4.07142857142857,4.6,5.33333333333333,2.28571428571429,5.16666666666667,5.39285714285714,4.33333333333333,4.32352941176471,5.88888888888889,4.95833333333333,4.73076923076923,2.22222222222222,4.625,5.78571428571429,1.35714285714286,2.8,4.58333333333333,3.9375,4.83333333333333,0.428571428571429,0,4.08333333333333,6.5,1.125,5.66666666666667,4.27777777777778,2.66666666666667,3.25,5.5,5.8,4.8,3.6,3.5,3.42857142857143,5.16666666666667,4.85714285714286,5.85714285714286,5,2.16666666666667,4.5625,2.66666666666667,4.625,2.71428571428571,4.625,5,4.21428571428571,5.15,4.8,5.42857142857143,5.5,6.1,5.22222222222222,5.9,5.84615384615385,5.9,4.4,2.75,5.3125,4.375,6.05,3.66666666666667,5.73076923076923,5,6,5.45833333333333,4.58333333333333,4.5,6,4.21428571428571,4.5,6.25,4.75,6.375,4.9,5.66666666666667,5.92857142857143,6.5,6.14285714285714,5.88461538461539,5.9
"#5D6355",3.95,5.25,4.44444444444444,4.61111111111111,4.81818181818182,3.58333333333333,4.875,4.22222222222222,4.25,4.5,3.1875,4.08333333333333,3.64285714285714,5.1,2.57142857142857,4.8125,5.21428571428571,5.66666666666667,3.42857142857143,4.85,4.5,3.59090909090909,3.85714285714286,6.08333333333333,5.28571428571429,2.5,2.08333333333333,4.16666666666667,5.375,4.5,5.5,0.222222222222222,0,0.125,4.3,2.75,5.81818181818182,3.625,4.41666666666667,4.5,4.92857142857143,4.3125,2.21428571428571,4.95,5,5.04166666666667,5.75,2.31818181818182,3.42857142857143,3.25,5,4.8125,4.4375,5.22222222222222,4.38888888888889,4.71428571428571,6.03846153846154,5.33333333333333,2.36363636363636,5.63636363636364,3.66666666666667,6.08333333333333,4.25,4.08333333333333,4.66666666666667,5.16666666666667,3.58333333333333,4.75,4.08333333333333,5.625,3.1,6.3125,4.9,5,5.05555555555556,4,4.0625,5.08333333333333,5.95,5.75,4.875,5.91666666666667,6.5,6,5.6,5.6875,6.375,5.83333333333333,6.25,5.72222222222222,5.11538461538461,6.25,6.33333333333333
"#5F7AA7",5.83333333333333,3.25,2.41666666666667,3.44444444444444,3.1,4.16666666666667,3.5,4.4375,3.86666666666667,2.72727272727273,5.6,4,5.09090909090909,2.75,4.30769230769231,2.85714285714286,4.22222222222222,2.32142857142857,4.45,2,2.08333333333333,4.75,3.2,2.29166666666667,3.4,5.66666666666667,4.5,3.2,4.54545454545455,2.95,5.83333333333333,4,4.08333333333333,4.3,1.08333333333333,5.2,4.05555555555556,6.0625,3.3,2.5,1.2,3.64285714285714,5.16666666666667,5.55555555555556,6.2,4.7,5.53571428571429,4,4.25,4.29166666666667,1.68181818181818,4.125,3.33333333333333,3.3,4.28571428571429,3.33333333333333,6,5,5.4375,5.16666666666667,4.16666666666667,6.15,5.79166666666667,5.75,3.8,5.4,4.68181818181818,4.7,5.45454545454545,4.11111111111111,4.88888888888889,5.22222222222222,5.875,5.28571428571429,5.3,4,6.14285714285714,5.6,4.5,5.66666666666667,5.95,5.28571428571429,6.22222222222222,6.25,4.5,3.66666666666667,6,5.33333333333333,6.875,5.95,5.38888888888889,6,5.9
"#5FC16E",6.81818181818182,5.45,4,4.9375,4.625,3.11111111111111,3.75,4.875,3.04545454545455,4.3,3.27777777777778,4.08333333333333,2.16666666666667,6.625,3.05555555555556,4.64285714285714,6.41666666666667,4.75,2.66666666666667,5.7,4.1,1,2.9,5.4,3.9,2.75,1.9,5.64285714285714,6.57142857142857,4,6.55555555555556,3.7,6.5,2.75,5.2,0.375,6.05555555555556,4.75,2.66666666666667,6.04545454545455,4.16666666666667,4.25,2.54166666666667,6.42857142857143,6.41666666666667,6.58333333333333,6.25,3.59090909090909,1.4375,3.04166666666667,3.33333333333333,6.58333333333333,2.8,4.61111111111111,5.90909090909091,5,6.5,5.77777777777778,4,5.71428571428571,1.68181818181818,6.3,5,2.25,6.07142857142857,6.5,3,4.35,6.1875,5.9,4.125,6.65,4.07142857142857,6.08333333333333,3,5.33333333333333,3.07142857142857,5.64285714285714,6.5,6.33333333333333,5.72727272727273,5.21428571428571,6.08333333333333,5.4,5.21428571428571,6.5,6,4.25,5.88888888888889,5.91666666666667,5.125,4.33333333333333,6.54545454545455
"#642B7C",5.84615384615385,4.54545454545455,5,4.6875,3.35714285714286,4.95833333333333,4.375,3.21428571428571,5.2,3.75,5.5,4.14285714285714,6.5,3.6,5.33333333333333,3,2.25,4.75,4.85714285714286,3.75,5.05,6.75,5.125,4.85714285714286,1.4,6.6,5.86363636363636,2.64285714285714,3.6,5.42857142857143,4.66666666666667,6.25,1.125,5.81818181818182,4.05555555555556,6.05555555555556,0.458333333333333,5.875,6.07142857142857,2.21428571428571,3,4.9375,6.28571428571429,5.375,5.125,4,3.78571428571429,6.125,6.5,5.95,4,2.85714285714286,6,2.33333333333333,4.45,3.85714285714286,4.6,4.08333333333333,5.9375,4.95454545454545,5.75,3,5.72727272727273,5.25,6.05555555555556,6.33333333333333,6.31818181818182,6.13636363636364,4.5,5.75,5.5,4.33333333333333,6.4375,4.95,6,6.5,6.125,5.25,4.875,4.38888888888889,4.83333333333333,5.9,5.125,6.65,5.08333333333333,5.25,5.1,6.28571428571429,6.27777777777778,6.41666666666667,6.04545454545455,7,6
"#685A14",4.5,5.36842105263158,6.4375,4.85714285714286,5.125,3.95,3,4.16666666666667,4.1,5.94444444444444,3.30769230769231,4.875,4.2,5.4,4.6,5.33333333333333,4.77272727272727,6,4.21428571428571,6.08333333333333,5.27272727272727,3.54545454545455,5.58333333333333,5.85714285714286,5.4,2.88888888888889,5.5,5.72727272727273,4.8,5.375,4.8125,3.625,5.66666666666667,3.625,6.0625,4.75,5.875,0.285714285714286,4.125,5.5,6.3125,6.0625,2.85,3.33333333333333,4.5,4.81818181818182,5.58333333333333,3.66666666666667,3.625,3,4.94444444444444,5.625,6.21428571428571,6.22727272727273,5.16666666666667,6.31818181818182,5.91666666666667,5.81818181818182,3.77272727272727,4.5,3.8,5.42857142857143,3.55555555555556,3.22222222222222,3,3.72222222222222,3.41666666666667,2.16666666666667,5.22222222222222,5.17857142857143,4,6.125,4.28571428571429,5.11538461538461,4.14285714285714,5.4375,2.83333333333333,5.6,5,5.875,5,6.11111111111111,6.25,4.44444444444444,6.68181818181818,6.33333333333333,5.0625,5.25,5.5,4.55555555555556,4,4.0625,5.35
"#68A899",6.54166666666667,4.5,3.71428571428571,3.9,4.1875,3.05555555555556,3.1,3.08333333333333,2.75,3.75,3.5,3.5,4.05,4.33333333333333,4.53571428571429,4.5,5.55,3.09090909090909,3.05555555555556,3.75,3.66666666666667,3.6,1.08333333333333,3.6,5.1,4.625,2.8,4.75,5.4,2.28571428571429,6.58333333333333,4.5,4.27777777777778,4.41666666666667,3.3,2.66666666666667,6.07142857142857,4.125,0.571428571428571,5.75,5.04166666666667,1.875,4.83333333333333,5.9375,5.33333333333333,5.05,5.95,3.83333333333333,1.875,4.27777777777778,2.75,5.59090909090909,1.5,4.18181818181818,5.91666666666667,4.5,5.78571428571429,6.1875,4.08333333333333,5.2,2.1,5.66666666666667,4.11111111111111,3.16666666666667,5.88461538461539,5.91666666666667,2.91666666666667,5.55,6,5.16666666666667,4.14285714285714,5.66666666666667,5.28571428571429,4.4,5.16666666666667,4.72222222222222,4.7,5.5625,4.5,6.08333333333333,5.66666666666667,5.58333333333333,6.0625,5.14285714285714,5.3,4.77777777777778,5.9,4.95454545454545,6.41666666666667,5.64285714285714,4.4375,5.6,6.75
"#716B92",4.625,3.8,3.375,3.5,3.08333333333333,4.9,7,5,4.6875,4,4.72222222222222,3.83333333333333,5.65384615384615,2.3125,5.5,2.66666666666667,2.88888888888889,4.5,4.94444444444444,3.5,2.82142857142857,5.33333333333333,3.92307692307692,3.23529411764706,2.83333333333333,6,6.27777777777778,1.83333333333333,3.55,3.85,4.92857142857143,5.16666666666667,2.66666666666667,4.5,2.5,6.04545454545455,2.21428571428571,5.5,5.75,1.28571428571429,2.5,5.14285714285714,5.85,6.0625,5.1875,5.30769230769231,4.21428571428571,3.6,6,4.57142857142857,2.3125,2.75,5.11111111111111,4,4.5,1.55555555555556,5.22727272727273,4.11538461538461,5.5,4.84375,5.5625,5.5,4.5,5.7,4.85714285714286,5.35,6.125,5.5,4.44444444444444,2.5625,4,4.13636363636364,5.75,4.91176470588235,5.61538461538461,4.08333333333333,5.6,5.21428571428571,5.5,5.0625,5.625,5.16666666666667,6.3,6.1875,4.6875,5.6,4.71428571428571,5.91666666666667,5.25,6.2,5.55555555555556,5.8,5.33333333333333
"#7171C9",5.58333333333333,3.61111111111111,2.3125,3.64285714285714,3.28571428571429,4.5,3.875,3.6875,4.5,3.4,5.1875,4.1875,6,2.55555555555556,6.0625,2.625,3.85,3.66666666666667,5.25,3.25,1.83333333333333,4.5,5.33333333333333,2.1,3.3,6.07142857142857,4.88888888888889,2.73076923076923,5.58333333333333,4.16666666666667,5,5.92857142857143,3.25,4.92857142857143,1.2,4.16666666666667,3,6.3125,5.04166666666667,2.5,0.5,3.92857142857143,4.71428571428571,6.4,5,4.42307692307692,5,5.83333333333333,5,4.5,2.0625,3.88888888888889,4.0625,2.33333333333333,3.875,2,6.5,5.22222222222222,5.25,5.70833333333333,3.64285714285714,6.25,6.16666666666667,5.5,5.78571428571429,6.25,5.68181818181818,4,4.5,3.1875,5.25,4.33333333333333,6,5.25,4.91666666666667,5.16666666666667,5.66666666666667,4.64285714285714,5.35714285714286,5.4375,6.07142857142857,5.34615384615385,6.05555555555556,6.28571428571429,4.66666666666667,6,5.86363636363636,4.33333333333333,5.91666666666667,6.31818181818182,6.41666666666667,6.11111111111111,6.4
"#73B7C3",6.27777777777778,3.5,2.72222222222222,3.33333333333333,2.66666666666667,4.13636363636364,2.42857142857143,2.9375,5.33333333333333,2.83333333333333,5.14285714285714,4.5,4.75,3.44444444444444,5.7,4.4,4.75,2.03846153846154,3.73076923076923,3.14285714285714,3.86363636363636,4.88888888888889,2.5,2.33333333333333,5.8125,5.1875,4.625,4.6,5.91666666666667,2.38888888888889,5,4.5625,5.5,4.3125,3.64285714285714,4.25,4.9375,6.0625,1.875,5.14285714285714,3.92857142857143,0.416666666666667,4.9,6,6.18181818181818,5.5,5.25,4.875,3.36363636363636,5.125,2.45454545454545,4.5625,1,4.16666666666667,6.25,3.73076923076923,6.42857142857143,6.33333333333333,4.9375,6.28571428571429,3.25,6.14285714285714,5.72727272727273,4.5,5.5,5.7,5.25,5.64285714285714,5.3125,4.85,4.42857142857143,6,5.05,5.94444444444444,5.80769230769231,4.23076923076923,5.78571428571429,5.5,5.44444444444444,5.41666666666667,4.25,5,6.8,4.66666666666667,4.8,5.5,5,5.91666666666667,5.6,5.41666666666667,4.77777777777778,5.88888888888889,6.25
"#758E00",5.83333333333333,5.9,4.95833333333333,4.9,5.25,3.16666666666667,6,5.15,2.95,4.75,3.44444444444444,4.5,1.83333333333333,5.41666666666667,3.4375,5.38888888888889,6,5.125,2.66666666666667,5.35,4.625,2.35714285714286,4.27272727272727,4.6,6.6,2.59090909090909,2.5,5.5,6.05555555555556,4.6,6.5,3.16666666666667,5.8,2.21428571428571,5.16666666666667,2.54166666666667,6.28571428571429,2.85,4.83333333333333,5.85,4.71428571428571,4.9,0.9,4.75,6.33333333333333,5.92857142857143,6.27777777777778,3.2,2.55555555555556,1.11111111111111,5.1875,5.1,4.18181818181818,6.05555555555556,5.25,4.6875,6.13636363636364,6.05,5.08333333333333,6.33333333333333,2.88461538461538,6.75,3.61111111111111,2.3125,5.8125,5.41666666666667,2.31818181818182,2.2,6.42857142857143,5.1,3.91666666666667,5.625,3.25,5.39285714285714,4.5,4.65,3.6875,5.76923076923077,5.4,6.1,5,5.36363636363636,6.21428571428571,3.85714285714286,6.42857142857143,5.72727272727273,5.41666666666667,5.3125,5.1,4.8,4.85,4,6
"#76450B",5.42307692307692,6.15,5.4375,5.72222222222222,5.75,5.8,5.9,5.90625,5.61111111111111,5.83333333333333,3.7,5.16666666666667,5.54166666666667,6.35,4.75,6.25,3.66666666666667,6.5,5.72727272727273,6.28571428571429,4.5,5.7,6.3125,6.4375,5.75,4.54166666666667,4.91666666666667,5.35,4.79166666666667,5.78571428571429,3.5,4.125,4.8,4.95,5.55555555555556,6.42857142857143,5.375,3.33333333333333,5.9375,6.0625,6.4,6,4.75,1.05555555555556,3.3125,4.1875,4.66666666666667,4.85714285714286,6,4.75,5.11111111111111,4.83333333333333,5.66666666666667,5.16666666666667,4.22222222222222,5.5,4.2,4.5,6.25,2.1,6.58333333333333,4.4,3.5,5.71428571428571,2.08333333333333,3.34615384615385,5.07142857142857,4.3,5.27777777777778,5.64285714285714,5.9,5.08333333333333,5.08333333333333,6.6,5.04166666666667,6.07142857142857,5.35,3.8125,6.06666666666667,5.875,3.61111111111111,3.58333333333333,4.35714285714286,4.88888888888889,5.9,6.83333333333333,4.83333333333333,3.81818181818182,3.25,4.75,4.95454545454545,4.7,3.375
"#782918",4.36363636363636,5.58333333333333,5.33333333333333,5.07142857142857,5.0625,5.95454545454545,5.75,4.81818181818182,5.73076923076923,5.77272727272727,6,5.5,6.41666666666667,6.4,5.8,5.66666666666667,3.5,5.9,5.25,6.42857142857143,5.8,6.16666666666667,6.16666666666667,5.25,4.44444444444444,5.8,6,5.8,1.8,6.4,0.875,6.05555555555556,3.6,5,6.2,6.41666666666667,5.125,4.5,5.33333333333333,5.1875,5,6.18181818181818,6.33333333333333,3.3125,0.125,2.5,3.1,5.92857142857143,5.42857142857143,5.23333333333333,5.64285714285714,5.16666666666667,5.94444444444444,5.16666666666667,1.42857142857143,5.27777777777778,2.2,2.91666666666667,6.07142857142857,2.875,5.8125,2.88888888888889,4.28571428571429,6.41666666666667,2.8,4.22222222222222,5.83333333333333,5.16666666666667,3.8,5.11538461538461,6.3,3.92857142857143,6,3.2,5.89285714285714,6.1,6,3.75,3.83333333333333,3.36363636363636,4.91666666666667,3.44444444444444,2.75,5.78571428571429,4.3125,5.7,4.44444444444444,4.94444444444444,3.5625,4.75,5.59090909090909,5.95833333333333,4.5625
"#7C3D4E",5.9,6,5,5.14285714285714,5.66666666666667,4.875,5.0625,5.5,5.125,5.28571428571429,5.79166666666667,4.5,6.3,4.7,6,4.69230769230769,3.57142857142857,7,6.10714285714286,5.75,4.7,5.83333333333333,5.8,5.625,2.91666666666667,5.5,5.8,4.625,2.36363636363636,5.41666666666667,2.35,5.07142857142857,3.5,5.04166666666667,4.7,6.58333333333333,4,4.81818181818182,5.05,5.30769230769231,4.42307692307692,5.5,5.92857142857143,4.1875,2.5,0.5,2.44444444444444,5.5,5.45,5.9,5.05,3.7,5.66666666666667,4.28571428571429,1.5,4.75,2.75,2.5,5.27777777777778,2.75,6.35,3.5,4.57142857142857,5.91666666666667,4.4,4.16666666666667,6.4,5.66666666666667,2.9375,3.875,5.38888888888889,3.1,6.625,2.375,5.5,5.33333333333333,6,3.2,4.25,2.91666666666667,3.9,3.625,3.71428571428571,5.58333333333333,3.16666666666667,6.22727272727273,4.05555555555556,5.29166666666667,5.1,5,6,6.22222222222222,5.33333333333333
"#7D0B45",6.11111111111111,5.9375,4.5,4.67857142857143,5.40909090909091,5.6875,4.92857142857143,5,5.28571428571429,6.4,6.66666666666667,4.85,5.55555555555556,4.83333333333333,4.75,5.8125,2.72222222222222,4.625,5.875,6,5.375,5.64285714285714,5.3125,6.16666666666667,4.33333333333333,6.13636363636364,6.17857142857143,4.41666666666667,1.9375,5.22222222222222,2.375,5.88888888888889,3.42857142857143,5.75,5.53571428571429,6.25,3.78571428571429,5.58333333333333,5.95,4.21428571428571,5,5.25,6.27777777777778,4.66666666666667,3.1,2.44444444444444,0.571428571428571,6.16666666666667,6.14285714285714,6.5,6,4.28571428571429,6.16666666666667,3.75,2.61111111111111,4.41666666666667,2.35714285714286,1.9375,5.72222222222222,4,6.0625,2.88888888888889,6.04166666666667,6,5.5,5.25,5.22727272727273,5.25,2.67857142857143,4.1,5.41666666666667,2.83333333333333,6.64285714285714,3.0625,6.25,6.1875,6.14285714285714,3,3.42857142857143,3.11111111111111,4.86666666666667,3.40909090909091,4.1,6.4,3.83333333333333,6.58333333333333,3.16666666666667,5.64285714285714,5.63636363636364,6.58333333333333,6.16666666666667,6.27777777777778,6
"#7E8274",5.41666666666667,6,5.06666666666667,5.55,5.55555555555556,3.16666666666667,4.91666666666667,4.125,3.41666666666667,5.58333333333333,3.77272727272727,6.11111111111111,3.25,6.13636363636364,2.83333333333333,5.4,5.55555555555556,5.1,2.92857142857143,4.90909090909091,4.79166666666667,3.375,3.71428571428571,5.13636363636364,5.75,3.94444444444444,3.125,5.875,5.27777777777778,4.61111111111111,5.875,2.33333333333333,5.16666666666667,2.31818181818182,4,3.59090909090909,6.125,3.66666666666667,3.83333333333333,3.6,5.83333333333333,4.875,3.2,4.85714285714286,5.92857142857143,5.5,6.16666666666667,0.409090909090909,2.69230769230769,2.28571428571429,4.25,5.26923076923077,4.09090909090909,5.38888888888889,5.83333333333333,4.64285714285714,5,6.42857142857143,1.92857142857143,4,3.15,6.625,4.9,2.33333333333333,4.25,4.09090909090909,4.1,5.0625,5.85714285714286,4.5,3.08333333333333,5.5,4.125,5.375,3.75,3.33333333333333,3.95,4.8,5.4375,6.4375,5.375,6.22222222222222,6.28571428571429,4.5625,5.5,4.0625,4.7,4.08333333333333,5.78571428571429,5.125,4.125,4.91666666666667,6
"#83B37F",5.91666666666667,5.875,4.33333333333333,4.45,5.5625,3.16666666666667,3.6875,3.57142857142857,3.05,4.2,2.75,4.55555555555556,2.4375,5.3,4.25,5.83333333333333,5.41666666666667,4.6,2.66666666666667,5,4.5,1.85,3.75,4.8,6.42857142857143,2.83333333333333,2.67857142857143,3.625,6,3.54166666666667,6.28571428571429,3.0625,4.85714285714286,3.42857142857143,4.25,1.4375,6.5,3.625,1.875,6,5,3.36363636363636,2.55555555555556,6,5.42857142857143,5.45,6.14285714285714,2.69230769230769,0.375,2.125,4.41666666666667,5.61111111111111,3.11111111111111,5.92857142857143,6.625,4.8,6.35714285714286,6.07142857142857,3.08333333333333,6.27777777777778,1.77777777777778,6.5,5.35,2.38888888888889,5.08333333333333,5.125,2.1,4.4,5.75,4.875,3.6,5.3125,3.86363636363636,4.75,3.57142857142857,3.66666666666667,2.75,6.5,4.25,5,4.5,5.5,5.71428571428571,4.38888888888889,5.75,4.875,5.33333333333333,5.125,5.35714285714286,5.0625,5.16666666666667,5.05555555555556,5.33333333333333
"#84932A",5.3,5.9,4.5,4.5,5.28571428571429,3.58333333333333,4.55,4.66666666666667,3.875,5.75,3.22222222222222,4.6875,2.2,5.88888888888889,4,5.5,5.375,5.65,3.4375,5.09090909090909,4.77777777777778,2.5625,3.9375,6.0625,6.45454545454545,2.58333333333333,2.6,5.91666666666667,5.375,4.42857142857143,5.72222222222222,3.3125,5.85714285714286,3.25,4.29166666666667,3.04166666666667,5.95,3,4.27777777777778,4.57142857142857,4.5,5.125,1.11111111111111,4.75,5.23333333333333,5.9,6.5,2.28571428571429,2.125,2.07142857142857,4.81818181818182,5.9,4.25,5.09090909090909,5.66666666666667,5.8,6.13636363636364,5.09090909090909,5.25,5.83333333333333,2.95,6.1,2.78571428571429,2,4.55555555555556,3.77272727272727,2,3,4.57142857142857,5.2,4.71428571428571,5.75,2,6,2.5,6.16666666666667,2.08333333333333,4.33333333333333,5.22222222222222,5.83333333333333,4.5,5.11111111111111,6,2.92857142857143,5.83333333333333,6.5,5.92857142857143,5.08333333333333,5.7,5.07142857142857,3.42857142857143,4,5.45454545454545
"#86A2C9",6.0625,2.96153846153846,2.44444444444444,3.5,2.71428571428571,4.375,2.88888888888889,3.27272727272727,5.05,3,5.20833333333333,3.64285714285714,4.75,3.40909090909091,5.125,2.5,5.16666666666667,2.5,3.80769230769231,3.22727272727273,3,4.4,3.25,2.4375,4.125,5.15,4.375,4,4.83333333333333,3.33333333333333,5.1,5,5,5,1.68181818181818,3.33333333333333,4,4.94444444444444,2.75,2.3125,2.0625,2.45454545454545,5.1875,5.11111111111111,5.64285714285714,5.05,6,4.25,4.41666666666667,4.81818181818182,0,3.83333333333333,3,3.35714285714286,5.5625,1.85,6.4375,4.35714285714286,3.71428571428571,5.35714285714286,4.16666666666667,6.33333333333333,5.54166666666667,6.3,4.5,6,5.0625,5.71428571428571,4.1,3.3,4.75,4.55,5.5,5.2,5,4.2,4.7,6.22727272727273,5.35714285714286,5,5.33333333333333,5.60714285714286,6.21428571428571,6.375,5.3,4,5.5,5.05,6.22222222222222,4.41666666666667,5.28571428571429,5.8,4.91666666666667
"#8B5F92",4.625,3.66666666666667,3.16666666666667,4.5,3.83333333333333,4.5,5.5,5.6875,5.3,4.72222222222222,5.91666666666667,4.27777777777778,6.27777777777778,4.09090909090909,5.875,3.61111111111111,2.9,5.07142857142857,4.5,3.875,3.91666666666667,5.75,4.96428571428571,4.61111111111111,3.07142857142857,5.42857142857143,5.45833333333333,2.0625,3.66666666666667,4.15,4.77272727272727,5.83333333333333,2.16666666666667,4.8125,4.125,6.58333333333333,2.85714285714286,5.625,5.59090909090909,2.75,3.88888888888889,4.5625,5.1,4.83333333333333,5.16666666666667,3.7,4.28571428571429,5.26923076923077,5.61111111111111,5.9,3.83333333333333,0.8,5.8,0.4375,3.58823529411765,2.5,4.875,4.625,5,4.95833333333333,5.57692307692308,5.72222222222222,5.83333333333333,6.75,5.83333333333333,6,4.73076923076923,5.22727272727273,2.3,2.5,5.1,3.125,5.72727272727273,3.9375,5.21428571428571,4.8125,6.125,5.16666666666667,4.25,3,5.375,5,6,6.5,4.5,6.04545454545455,4.66666666666667,5.30769230769231,5.75,6,5.95,6.40909090909091,5.88461538461539
"#8DCFC1",6.08333333333333,4.75,3.6875,4.28571428571429,3.91666666666667,4.77777777777778,2.91666666666667,4.05555555555556,4.66666666666667,3.4,4.95454545454545,4.25,3.95833333333333,4.41666666666667,3.75,5,6.375,2.55,2.75,4.23076923076923,3.33333333333333,3.79166666666667,2.5,3.44444444444444,6.16666666666667,4.25,4.6875,5.3,5.91666666666667,2.27777777777778,7,4.21428571428571,4.5625,4.4375,3.33333333333333,2.8,6,6.21428571428571,1.5,5.11111111111111,4.0625,1,4.18181818181818,5.66666666666667,5.94444444444444,5.66666666666667,6.16666666666667,4.09090909090909,3.11111111111111,4.25,3,5.8,0.0714285714285714,5.27777777777778,6.375,3.875,6.2,6.33333333333333,4.78571428571429,5.94444444444444,1.45833333333333,5.9,5.36363636363636,4.45,5.75,5.38461538461539,3.625,5,5.91666666666667,5.38888888888889,3.33333333333333,6,4.63636363636364,5.1,4.375,3.92857142857143,4.13636363636364,6.6875,4.4375,5.6,5.6875,5.625,6.16666666666667,5.75,6.375,3.92857142857143,4.6,5.35714285714286,6.25,4.9,5.3125,6.16666666666667,5.11111111111111
"#8F5AA8",6.3,5.16666666666667,5.44444444444444,4.95,5.2,6.08333333333333,5.45,4.91666666666667,5.6,5.72222222222222,6.66666666666667,4.2,6.40625,4.38888888888889,6.5625,3.83333333333333,2.66666666666667,5.22222222222222,6.1,3.63636363636364,5.04166666666667,5.41666666666667,5.35,4.26923076923077,2.55555555555556,5.29166666666667,6.375,3.625,2.25,5.75,4.42857142857143,4.95,2.66666666666667,5.22222222222222,3.3,4.61111111111111,2.33333333333333,6.22727272727273,4.18181818181818,4,2.33333333333333,4.16666666666667,6.05555555555556,5.16666666666667,5.16666666666667,4.28571428571429,3.75,5.38888888888889,5.92857142857143,5.09090909090909,3.35714285714286,0.4375,5.27777777777778,0.166666666666667,3.5,2.78571428571429,5.83333333333333,4.375,5.44444444444444,5.57142857142857,6.375,5.42857142857143,5.83333333333333,6.6875,5.6,5.9,5.77777777777778,5.35,4.66666666666667,2.3,6.58333333333333,4.875,6.4,3.75,6.75,5.7,5.33333333333333,5.33333333333333,5,5.4,5.83333333333333,4.1875,5.5,5.41666666666667,3.95833333333333,6.16666666666667,5.04545454545455,5.41666666666667,6.57142857142857,6.41666666666667,6.15,6.07142857142857,5.38888888888889
"#96484B",6.75,5,5.31818181818182,4.41666666666667,5.36363636363636,5.5,5.2,4.8,5.57142857142857,6,5.5,5.42857142857143,6.07142857142857,5.57142857142857,5.46875,5.4,3.6,5.91666666666667,5.5,5.57142857142857,5.5,5.44444444444444,5.57692307692308,5.5,4.8,4.14285714285714,5.9375,4.5,2.66666666666667,6.1,2.27777777777778,4.66666666666667,4.625,4.38888888888889,4.28571428571429,5.90909090909091,4.45,5.16666666666667,5.91666666666667,4.5,3.875,6.25,5.25,4.22222222222222,1.42857142857143,1.5,2.61111111111111,5.83333333333333,6.625,5.66666666666667,5.5625,3.58823529411765,6.375,3.5,1.11111111111111,5,2,1.85714285714286,5.54166666666667,4,5.91666666666667,2.3,6,5.625,5,4.32142857142857,7,5.07142857142857,1.85714285714286,4.625,5.21428571428571,3.14285714285714,5.69230769230769,3,5.54545454545455,5.125,4.9,2.33333333333333,3.11111111111111,3.0625,4.68181818181818,3.28571428571429,4.1,5.13636363636364,3,5.83333333333333,3.6,4.55,3.5625,5.15,5.2,5.5,5.92857142857143
"#9796C0",6.66666666666667,3.1875,3.35,4.6875,4.4,5.7,4.5,4.4375,5.36363636363636,3.625,6,4.08333333333333,6.22222222222222,3.25,6.7,4.1,2.64285714285714,4,4,3.375,2.71428571428571,5.5,4.16666666666667,3.08333333333333,2.96428571428571,6.14285714285714,4.33333333333333,2.5,4.07142857142857,3.35714285714286,5.125,4.14285714285714,2.71428571428571,4.71428571428571,3.33333333333333,5,3.85714285714286,6.31818181818182,4.5,1.55555555555556,2,3.73076923076923,4.6875,5.5,5.27777777777778,4.75,4.41666666666667,4.64285714285714,4.8,5.8,1.85,2.5,3.875,2.78571428571429,5,0.5,5.66666666666667,4.21428571428571,4.14285714285714,5.3125,3.91666666666667,6,5.5,5.16666666666667,6.28571428571429,5.21428571428571,5.75,5.40909090909091,4,2.65,3.64285714285714,4.125,5.71428571428571,4.40909090909091,5.27777777777778,3.66666666666667,5.21428571428571,6.07142857142857,5.16666666666667,4,4.08333333333333,4.3,5.9,5.5,3.54166666666667,5.41666666666667,3.4375,4.90909090909091,5.28571428571429,5.63636363636364,5.33333333333333,5.5,5.14285714285714
"#9B081A",6.79166666666667,6.1875,6.33333333333333,5.90909090909091,4.94444444444444,5.41666666666667,5.33333333333333,5.92857142857143,5.91666666666667,6.4375,6.5,5.61904761904762,5.78571428571429,4.88888888888889,6.4375,5.9,4.7,6.1875,6.22222222222222,5.95,5.25,6.5625,6.125,5.6,5,5.5,5.58333333333333,4.27777777777778,2.85,5.28571428571429,3,6.1875,4.625,6.03846153846154,6,6.5,4.6,5.91666666666667,5.78571428571429,5.22727272727273,6.5,6.42857142857143,6.13636363636364,4.2,2.2,2.75,2.35714285714286,5,6.35714285714286,6.13636363636364,6.4375,4.875,6.2,5.83333333333333,2,5.66666666666667,0.576923076923077,2.125,6.21428571428571,3.875,6.8125,1.25,5.4,6.5,5,5.1875,5.92857142857143,5.75,2.7,4.4375,6.4375,3.6875,6.66666666666667,3.7,5.75,6.2,5.91666666666667,1.7,3.5,2.33333333333333,4.9,3.6,3.44444444444444,4.36363636363636,3.58333333333333,6.16666666666667,4.35,6.21428571428571,4.38888888888889,5.11111111111111,5.33333333333333,6.2,5.5
"#9C1C53",6.64285714285714,5.5,5.58333333333333,5.3125,4.5,5.95454545454545,5.95454545454545,5.2,4.375,5.72222222222222,6.21428571428571,6.375,6.22222222222222,5.57142857142857,6,5.11111111111111,3.75,5.15,5.88888888888889,5.4375,4.45454545454545,6.08333333333333,5.6875,6.1875,3.66666666666667,6,6.5,4.42857142857143,3.54166666666667,6.33333333333333,2.81818181818182,6.33333333333333,5,5.33333333333333,5,5.77777777777778,4.08333333333333,5.81818181818182,6.1875,4.11538461538461,5.22222222222222,6.33333333333333,6.05,4.5,2.91666666666667,2.5,1.9375,6.42857142857143,6.07142857142857,5.09090909090909,4.35714285714286,4.625,6.33333333333333,4.375,1.85714285714286,4.21428571428571,2.125,0.5625,6.28571428571429,4.1,6.38888888888889,1.5,4.75,5.5,5.09090909090909,4.77777777777778,6,5,2.16666666666667,4.5,5.5,2.41666666666667,5.9375,2.72222222222222,5.88888888888889,6.11111111111111,5.2,2.05555555555556,3.71428571428571,1.8,4,2.86363636363636,3.05555555555556,6.2,3.35714285714286,6,2.41666666666667,4.875,5.08333333333333,6.1875,5.54545454545455,6.57142857142857,6
"#9DA193",5.58333333333333,6,6.25,4.28571428571429,4.875,4,4.31818181818182,5.33333333333333,3.5,5.57142857142857,5.5,5.42857142857143,3,5.35714285714286,3.77777777777778,6,5.55555555555556,5.54166666666667,3.27777777777778,5.5,4.5,3.375,3.85714285714286,5.25,6,3.5,3.40909090909091,4.42857142857143,6,4,5.5,3.7,4.21428571428571,2.36363636363636,5.4375,4,5.9375,3.77272727272727,4.08333333333333,5.5,5.25,4.9375,5.08333333333333,6.25,6.07142857142857,5.27777777777778,5.72222222222222,1.92857142857143,3.08333333333333,5.25,3.71428571428571,5,4.78571428571429,5.44444444444444,5.54166666666667,4.14285714285714,6.21428571428571,6.28571428571429,0.0833333333333333,4.75,2.71428571428571,6.31818181818182,4.78571428571429,5,5.64285714285714,5.5,3.61111111111111,4.95454545454545,5.16666666666667,3.28571428571429,0.5,5.4,4.88888888888889,5.23076923076923,3.75,0.8,3.75,6.75,5.57142857142857,5.63636363636364,6.41666666666667,5.1,6.04545454545455,5.3125,5.11111111111111,1.9375,4.05555555555556,5.15384615384615,5.91666666666667,6.41666666666667,3.8,4.875,5.57142857142857
"#A25739",5.625,5.3,6,5.79166666666667,4.94444444444444,5.25,5.875,5.44444444444444,5,5.5,6,5.8,5.58333333333333,5.71428571428571,4.61111111111111,5.64285714285714,5.25,5.66666666666667,5.6,5.5,5.63636363636364,6.05555555555556,5.375,5.9375,5.35714285714286,7,6.2,5.7,4.5,6.5,3.875,4.33333333333333,5.15,5.63636363636364,5.16666666666667,5.71428571428571,4.95454545454545,4.5,5.2,4.84375,5.70833333333333,6.28571428571429,6.33333333333333,2.1,2.875,2.75,4,4,6.27777777777778,5.83333333333333,5.35714285714286,4.95833333333333,5.94444444444444,5.57142857142857,4,5.3125,3.875,4.1,4.75,0.25,6,2.375,4.25,5.38888888888889,1.66666666666667,1.875,5.64285714285714,3.64285714285714,4.08333333333333,5.77777777777778,5,3,4.8,4.1,4.28571428571429,6.33333333333333,6.5,3.9375,3.91666666666667,5.125,3.4,2.81818181818182,3,5.25,5.4,6.38888888888889,3.5,3.0625,2.5625,3.33333333333333,4.75,4.9375,4.6
"#A3E2AC",5.55555555555556,4.125,4.125,5.57142857142857,5.16666666666667,4.07692307692308,3.33333333333333,4.44444444444444,3.58333333333333,5.25,3.05,4.3,3,4.64285714285714,3.625,4.77272727272727,6.1875,4.21428571428571,3.34615384615385,4.42857142857143,3.91666666666667,2.375,3.1,4,5.58333333333333,3.25,3.2,5.46153846153846,6.07142857142857,3.45454545454545,6.25,3.5,4.8,3.66666666666667,4.16666666666667,1.68181818181818,5.75,3.8,2.1,5.5625,3.64285714285714,3.25,2.88461538461538,6.58333333333333,5.8125,6.35,6.0625,3.15,1.77777777777778,2.95,4.16666666666667,5.57692307692308,1.45833333333333,6.375,5.91666666666667,3.91666666666667,6.8125,6.38888888888889,2.71428571428571,6,0.357142857142857,6.2,5.125,2.83333333333333,5.5,5.75,2.45,4.875,6.25,4.78571428571429,3.66666666666667,5.38888888888889,2.875,5.4,4.29166666666667,3.81818181818182,2.94444444444444,6.59090909090909,4.35714285714286,6.6,5.16666666666667,6.125,5.88888888888889,4.5,4.5,4.375,5.68181818181818,4.9,6.42857142857143,5.05,4.5,4.3,5.92857142857143
"#A51A01",6.92857142857143,6.77777777777778,6.0625,6.22727272727273,6.28571428571429,4.61111111111111,4.5,5.71428571428571,6.55555555555556,6.25,6.35714285714286,5.57142857142857,6.16666666666667,6.41666666666667,6.33333333333333,5.9,5.18181818181818,6.33333333333333,6.25,6.5,5.75,7,6.28571428571429,6.16666666666667,4.625,6.3,5.6875,5.14285714285714,4.0625,5.72222222222222,2.875,6.2,5.42857142857143,6.08333333333333,6.15,6.3,3,5.42857142857143,5.66666666666667,5.5,6.25,6.14285714285714,6.75,4.4,2.88888888888889,3.5,2.88888888888889,6.625,6.5,6.1,6.33333333333333,5.72222222222222,5.9,5.42857142857143,2.3,6,1.25,1.5,6.31818181818182,2.375,6.2,0.1875,4.5,6.20833333333333,3.33333333333333,4.25,6,6.5,2.91666666666667,4.44444444444444,5.45454545454545,3.25,5.3,3.57142857142857,5.75,6.5,5.42857142857143,2.21428571428571,3.92857142857143,2.78571428571429,3.83333333333333,4,2.16666666666667,5.66666666666667,3.8125,7,3.58333333333333,5.58333333333333,3.59090909090909,4.85714285714286,5.75,6.42857142857143,4.83333333333333
"#AA8F02",6.08333333333333,5.5,6,6,6.40909090909091,4.75,6.2,6,5,5.7,5.875,6.3,4.5,6.33333333333333,5.375,5.68181818181818,6.33333333333333,6,5.40909090909091,5.6,5.2,3.85714285714286,5.33333333333333,5.22222222222222,5.88888888888889,3.8,4.71428571428571,5.61111111111111,5.05555555555556,4.78571428571429,5.35714285714286,4.125,5.5,4.25,5.79166666666667,5,5.72727272727273,3.55555555555556,4.11111111111111,4.5,6.16666666666667,5.72727272727273,3.61111111111111,3.5,4.28571428571429,4.57142857142857,6.04166666666667,4.9,5.35,2.78571428571429,5.54166666666667,5.83333333333333,5.36363636363636,5.83333333333333,6,5.5,5.4,4.75,4.78571428571429,4.25,5.125,4.5,0.2,2.625,2.35,3.09090909090909,2.5,0.857142857142857,5,5.625,3.75,4.83333333333333,3,4.63636363636364,2.07142857142857,5.875,3.04545454545455,5.28571428571429,5.41666666666667,4.9375,2.83333333333333,4.92857142857143,4.5,2.16666666666667,4.85714285714286,5.81818181818182,5.07142857142857,3.8,3.85714285714286,2.72727272727273,2.8,3.125,3.07142857142857
"#AAC901",6.22727272727273,6,6.05555555555556,5.35714285714286,4.83333333333333,4.75,5.38888888888889,4.91666666666667,4.42857142857143,5.875,4.04545454545455,5.5,2.72222222222222,5.9,4.6,5.625,5.83333333333333,4.81818181818182,3.71428571428571,5.83333333333333,5.42857142857143,2.75,4.2,5.41666666666667,6,2.5,5.16666666666667,6.44444444444444,6.25,4.5625,6.5,4.1,6.1,4.08333333333333,5.75,2.25,5.25,3.22222222222222,3.16666666666667,5.7,5.5,4.5,2.3125,5.71428571428571,6.41666666666667,5.91666666666667,6,2.33333333333333,2.38888888888889,2,6.3,6.75,4.45,6.6875,5.625,5.16666666666667,6.5,5.5,5,5.38888888888889,2.83333333333333,6.20833333333333,2.625,0.583333333333333,5.8,5.5,1.21428571428571,3.4375,5.78571428571429,6,3,5.5,2.28571428571429,5.25,1.6875,4.57692307692308,2.42857142857143,5.25,6.66666666666667,6.25,5.11111111111111,5.41666666666667,5.71428571428571,3,5.83333333333333,6.28571428571429,5.16666666666667,4.54545454545455,4.88888888888889,3.125,2.61111111111111,2.33333333333333,6.83333333333333
"#AC6401",6.25,6.44444444444444,6.58333333333333,6.0625,6,6.14285714285714,6.5,6.3,5.27777777777778,6.5,6.35714285714286,5.31818181818182,5.42857142857143,6.14285714285714,5.42857142857143,6.11111111111111,5.8,6.1,5.57142857142857,6.8,5.5,5.78571428571429,5.64285714285714,5.8125,6,5.65,4.27272727272727,5.75,5.75,6.16666666666667,4.1,4.35714285714286,5.22222222222222,4.66666666666667,3.8,6.07142857142857,6.05555555555556,3,5.88461538461539,4.85714285714286,5.78571428571429,5.5,5.8125,2.08333333333333,2.8,4.4,5.5,4.25,5.08333333333333,4.55555555555556,4.5,5.83333333333333,5.75,5.6,5,6.28571428571429,5,5.09090909090909,5.64285714285714,1.66666666666667,5.5,3.33333333333333,2.35,5.8,0.111111111111111,1.14285714285714,5.625,3.55555555555556,5.25,6.08333333333333,6.35714285714286,4.5,4.58333333333333,5.3,3,5.75,5,3.85714285714286,4.75,4.33333333333333,2.95,4.14285714285714,4,3.5,5.28571428571429,6.08333333333333,3.85714285714286,3.72222222222222,3.25,2.83333333333333,4.35714285714286,3.75,3
"#AE783C",6.25,6.25,6,6.9,6.27272727272727,6.33333333333333,5.55555555555556,5.64285714285714,4.6,6.36363636363636,5.875,6.5,5.04545454545455,5.22222222222222,5.78571428571429,6.16666666666667,4.6875,5.0625,5.85714285714286,5.41666666666667,5,4.78571428571429,6,5.92857142857143,3.875,3.66666666666667,5.125,6,4.94444444444444,6.6,5.45,4.91666666666667,5.9,5.16666666666667,5.4,6.5,6.33333333333333,3.72222222222222,5.91666666666667,5.35,6.25,5.7,5.41666666666667,3.34615384615385,4.22222222222222,4.16666666666667,5.25,4.09090909090909,5.125,3.77272727272727,6,6,5.38461538461539,5.9,4.32142857142857,5.21428571428571,5.1875,4.77777777777778,5.5,1.875,5.75,4.25,3.09090909090909,5.5,1.14285714285714,0,4.6,2.9375,4.25,5.3,5.5,4.35714285714286,4.0625,4.78571428571429,3.35,4.14285714285714,4.23529411764706,4.36363636363636,4.71428571428571,4.3125,2.66666666666667,5.1,3.83333333333333,3.91666666666667,5.7,6.4,5.5,2.94444444444444,3.38888888888889,2.5,4.15384615384615,4,2.58333333333333
"#AEBE5A",6.11111111111111,4.58333333333333,5.77777777777778,6.5,5.33333333333333,3.71428571428571,4.05555555555556,5.08333333333333,3.72727272727273,4.78571428571429,2.90909090909091,5.4375,3,5.61111111111111,4.27272727272727,5.64285714285714,6.4,5,3.46153846153846,4.5,5.41666666666667,2.85,3.625,4.58333333333333,6.0625,2.71428571428571,3.22222222222222,5.45,5.33333333333333,4.5,6.07692307692308,3.20833333333333,5.84615384615385,3.58333333333333,4.68181818181818,3,6.31818181818182,3.41666666666667,2.91666666666667,6.125,5.68181818181818,5.25,2.31818181818182,5.07142857142857,5.83333333333333,6.4,5.22727272727273,4.1,2.1,2,5.0625,4.73076923076923,3.625,5.77777777777778,7,5.75,5.92857142857143,6,3.61111111111111,5.64285714285714,2.45,6,2.5,1.21428571428571,5.625,4.6,0.285714285714286,2.6,5.44444444444444,3.94444444444444,4.31818181818182,5.36363636363636,2.57142857142857,6.09090909090909,1.65,5,1.375,5.5,5,5.81818181818182,4.8125,5.45,6.22727272727273,2.96153846153846,4.91666666666667,4.125,5.125,4.125,5.85714285714286,3.58333333333333,1.9,3.66666666666667,4.8
"#AF972D",6.41666666666667,6.25,6.4,6,5.58333333333333,5.66666666666667,6,5.875,5.33333333333333,6.11111111111111,4.35714285714286,5.16666666666667,4.27272727272727,6.0625,5.2,5.91666666666667,5.85,5.64285714285714,5.25,5.42307692307692,6.13636363636364,4.16666666666667,6.66666666666667,6.0625,6.22727272727273,3.625,5,6.07142857142857,5.35714285714286,5.4,5.76923076923077,4.71428571428571,5.9,4.75,4.7,4.35,6.13636363636364,2.16666666666667,5.55,5.5,4,5.64285714285714,2.2,4.3,5.16666666666667,5.66666666666667,5.25,5.0625,4.4,3,5.71428571428571,5.22727272727273,5,5.35,5.07142857142857,5.40909090909091,5.75,5,4.95454545454545,3.64285714285714,4.875,6.5,0.857142857142857,3.4375,3.55555555555556,2.9375,2.6,1.03846153846154,5.2,5.84615384615385,4.96666666666667,5.4,4,6.25,1.5625,6.07142857142857,3.33333333333333,4.625,5.11111111111111,5.38888888888889,3,5.9,6.1875,1.66666666666667,5.375,5.88888888888889,4,3.81818181818182,4,2.57142857142857,2.65,2.38888888888889,2.875
"#B06079",5.625,5.57142857142857,5.94444444444444,4.92857142857143,5.5,4.71428571428571,4.85714285714286,6.6,5.91666666666667,5.66666666666667,6.5,5.6,7,5.27777777777778,6.25,5.55555555555556,4.42857142857143,4.92857142857143,5.7,5.69230769230769,5.25,5.77272727272727,5.55,6.21428571428571,4,6.28571428571429,5.28571428571429,5.08333333333333,3.05555555555556,5.71428571428571,3.18181818181818,5.46666666666667,4.4,4.08333333333333,5.45454545454545,6.1875,4.5,5.22222222222222,6,4.44444444444444,4.5,5.3125,6.42857142857143,5.27777777777778,3.8,2.9375,2.67857142857143,5.85714285714286,5.75,4.57142857142857,4.1,2.3,5.91666666666667,4.66666666666667,1.85714285714286,4,2.7,2.16666666666667,5.16666666666667,4.08333333333333,6.25,2.91666666666667,5,5.78571428571429,5.25,4.25,5.44444444444444,5.2,0.3,3.64285714285714,5.05555555555556,1.57142857142857,6.125,1.5,5.5,5.875,5.58333333333333,3.5,2.5,2.40909090909091,4.76923076923077,3.3,3.33333333333333,5.625,1.9375,5.44444444444444,3.28571428571429,5.29166666666667,4.35,5.5,5.83333333333333,5.875,5.5
"#B28AB7",6.4375,5.34615384615385,4.5,4.6,6.16666666666667,4.25,4.83333333333333,5.88888888888889,5.91666666666667,5.57142857142857,5.875,5.17857142857143,6.4,3.77777777777778,5.83333333333333,4.36363636363636,3.375,4.8125,5.6,3.91666666666667,4.94444444444444,6.83333333333333,5.25,5,3.3125,5.64285714285714,6.33333333333333,2.70833333333333,4.42857142857143,4.64285714285714,4.72727272727273,6.14285714285714,2.75,5.625,4.11111111111111,5.9,5.75,5.17857142857143,5.16666666666667,2.5625,3.1875,4.85,5.1,5.64285714285714,5.11538461538461,3.875,4.1,4.5,4.875,5.2,3.3,2.5,5.38888888888889,2.3,4.625,2.65,4.4375,4.5,3.28571428571429,5.77777777777778,4.78571428571429,4.44444444444444,5.625,6,6.08333333333333,5.3,3.94444444444444,5.84615384615385,3.64285714285714,1.78571428571429,5,4.05,6.33333333333333,2.85,5.68181818181818,5.25,5.61111111111111,5.42857142857143,1.9375,4.4375,5.61538461538461,4.375,6.33333333333333,5.25,3.41666666666667,5.77777777777778,3.5,4.6875,5.9,5.25,5.4,5.83333333333333,5.91666666666667
"#B4BAAC",5.83333333333333,6.25,4.4,5.1,5,3.45,3.75,5,3,5.16666666666667,3.75,3.66666666666667,4.625,5.5,4.16666666666667,5.33333333333333,5.88888888888889,5.23333333333333,4.8125,5.8,3.9375,4.31818181818182,3.81818181818182,5.3,4.16666666666667,5.25,3.875,5.1875,4,4.3,5.7,3.16666666666667,5.3125,3.1,4.88888888888889,4.125,5.5,4,4.14285714285714,4,5.25,4.42857142857143,3.91666666666667,5.9,6.3,5.38888888888889,5.41666666666667,3.08333333333333,3.6,4.71428571428571,4.75,5.1,3.33333333333333,6.58333333333333,5.21428571428571,3.64285714285714,6.4375,5.5,0.5,5,3.66666666666667,5.45454545454545,3.75,3,6.35714285714286,5.5,4.31818181818182,4.96666666666667,5.05555555555556,5,0.1,6.83333333333333,5.42857142857143,4.85714285714286,4.13636363636364,1.33333333333333,5.42857142857143,6.5,4.91666666666667,6.22222222222222,5.1875,5.36363636363636,6.5,3.92857142857143,6.375,2.04545454545455,4.4,3.8125,6.35,5.7,5.375,5.16666666666667,5.59090909090909
"#C4577A",6.83333333333333,5.58333333333333,5.14285714285714,6.71428571428571,5.5625,5,5.92857142857143,5.1875,5.58333333333333,5.88888888888889,5.6875,6.10714285714286,6,4.83333333333333,6.33333333333333,6.1875,5.2,6.10714285714286,5.31818181818182,5.5,5.3125,6.6,5.95,5.83333333333333,4.625,5.5,5.875,4.3125,4.05555555555556,5.68181818181818,3.33333333333333,5.5625,4.375,6.3125,5.22222222222222,6.65,4.33333333333333,6.125,5.66666666666667,4.13636363636364,4.33333333333333,6,5.625,5.08333333333333,3.92857142857143,3.1,2.83333333333333,5.5,5.3125,5.75,4.55,3.125,6,4.875,3.14285714285714,4.125,3.6875,2.41666666666667,5.4,3,5.38888888888889,3.25,4.83333333333333,5.5,4.5,4.35714285714286,5.36363636363636,5.4,1.57142857142857,4.05,6.83333333333333,1.91666666666667,6.25,1.83333333333333,5.5625,5.65,5.5,1.95,3,1.35714285714286,4.5,2.33333333333333,2.66666666666667,4.5625,2,5.625,3.05555555555556,4.58333333333333,4.92857142857143,5.5,5.5,6,4.22222222222222
"#C5DD24",5.66666666666667,5.66666666666667,5.75,5.28571428571429,6,3.5,5.25,5.6,4,5.42857142857143,3.9,5.6875,2.8,5.41666666666667,5.125,6.05555555555556,6,5.31818181818182,3.85,5.66666666666667,5.42857142857143,3.42307692307692,4.77272727272727,6.05555555555556,6.53333333333333,3.36363636363636,3.6,5.9375,6.1875,5.09090909090909,6.2,5.16666666666667,6.05,4.9,5.875,4.07142857142857,6.4375,4.28571428571429,5.28571428571429,5.75,6,5.05,3.25,5.08333333333333,6,6.625,6.64285714285714,4.125,3.86363636363636,2,5.5,5.72727272727273,4.63636363636364,6.4,5.69230769230769,5.71428571428571,6.66666666666667,5.9375,4.88888888888889,4.8,2.875,5.3,3,2.28571428571429,4.58333333333333,4.0625,2.57142857142857,4,6.125,6.33333333333333,5.42857142857143,6.25,0.166666666666667,5.83333333333333,2.38888888888889,5.125,1.44444444444444,5.875,5.1875,6.22222222222222,4.4,5.75,5.5,1.57692307692308,5.6,5.27777777777778,5.25,4.125,5,3.8,2.0625,1.57142857142857,4.27272727272727
"#D2797D",6.77777777777778,6,5.91666666666667,6.625,5.68181818181818,6,5.875,5.6,6.5,5.33333333333333,5.95833333333333,5.8,5.3125,6.21428571428571,5.625,6.05,5.45833333333333,6.2,6.3,5.75,5.57142857142857,5.25,6.2,5.1875,4.5625,5.2,5.65384615384615,4.61111111111111,4.25,5.64285714285714,3.83333333333333,5.28571428571429,3.66666666666667,5,5.28571428571429,6.08333333333333,4.95,5.11538461538461,4.4,4.91176470588235,5.25,5.94444444444444,5.39285714285714,6.6,3.2,2.375,3.0625,5.375,4.75,6,5.2,3.9375,5.1,3.75,3,4.40909090909091,3.7,2.72222222222222,5.23076923076923,4.1,5.4,3.57142857142857,4.63636363636364,5.25,5.3,4.78571428571429,6.09090909090909,6.25,1.5,2.85,4.85714285714286,1.83333333333333,5.83333333333333,0.785714285714286,3.75,5.66666666666667,5.75,3.875,2.4,2.4375,3.16666666666667,2.38888888888889,3.33333333333333,4.8,1.83333333333333,5.5,2.36363636363636,3.64285714285714,3.64285714285714,6.25,5.625,5.83333333333333,4.04545454545455
"#D3BE51",5.77777777777778,5.9375,5.33333333333333,5.5,6.5,6.5,6.21428571428571,5.8,5.22222222222222,5.88888888888889,5.16666666666667,5.65,3.75,6.58333333333333,5.33333333333333,6.3,6.3,6.13636363636364,5.28571428571429,5.5,6.5,5.33333333333333,4.9,6,6.44444444444444,4.16666666666667,4.625,5.875,5.6875,5.54166666666667,5.625,4,5.73076923076923,5.05555555555556,5.3,3,6,4.14285714285714,5.16666666666667,5.61538461538461,4.91666666666667,5.80769230769231,4.5,5.04166666666667,5.89285714285714,5.5,6.25,3.75,3.57142857142857,2.5,5,5.21428571428571,4.375,6.75,5.54545454545455,5.27777777777778,5.75,5.88888888888889,3.75,4.28571428571429,4.29166666666667,5.75,2.07142857142857,1.6875,3,3.35,1.65,1.5625,5.5,5.68181818181818,4.13636363636364,5.5625,2.38888888888889,3.75,0.45,4.77272727272727,1.5,4.94444444444444,5.25,5.25,2.94444444444444,3.85714285714286,4.85714285714286,1.5,5.25,2.9,4.64285714285714,3.375,5.33333333333333,2.28571428571429,1.25,1.7,2
"#D8DACD",6.07142857142857,6.41666666666667,5.96428571428571,6.35714285714286,5.125,5.73076923076923,4.9,5.5,5.8,6.375,6.25,6.07142857142857,6.3,5.13636363636364,6.1,6.45,6.1,4.75,5.54166666666667,5.92857142857143,4.80769230769231,5.75,5.375,5.64285714285714,5.92857142857143,4.79166666666667,5.79166666666667,4.65,5.42857142857143,6.14285714285714,6.38888888888889,3.375,5,4,4,5.33333333333333,6.5,5.4375,4.72222222222222,4.08333333333333,5.16666666666667,4.23076923076923,4.65,6.07142857142857,6.1,5.33333333333333,6.1875,3.33333333333333,3.66666666666667,6.16666666666667,4.2,4.8125,3.92857142857143,5.7,5.125,3.66666666666667,6.2,6.11111111111111,0.8,6.33333333333333,3.81818181818182,6.5,5.875,4.57692307692308,5.75,4.14285714285714,5,6.07142857142857,5.875,5.25,1.33333333333333,5.65,5.125,5.66666666666667,4.77272727272727,0.75,3.75,6.75,5.6875,4.42857142857143,5.5,4.86363636363636,6.55555555555556,5.22727272727273,5.375,0.277777777777778,5.07692307692308,3.33333333333333,5.5,4.25,4.05555555555556,4.33333333333333,5.9
"#D8E26A",6.5,4.85714285714286,6.375,6.1875,4.875,3.57142857142857,4.45,5.625,5.3,6.6,4.4,6.44444444444444,3.76923076923077,5.94444444444444,4.66666666666667,6.33333333333333,5.8,5.85714285714286,4.85714285714286,4.625,5.71428571428571,3.72222222222222,4.57142857142857,5.5,6.28571428571429,4.5,4.1,5.9375,6.54545454545455,4.75,5.57142857142857,3.42857142857143,6,4.0625,6.14285714285714,3.07142857142857,6.125,2.83333333333333,4.7,5.6,5.66666666666667,5.78571428571429,3.6875,5.35,6,6,6.14285714285714,3.95,2.75,2.08333333333333,4.7,6.125,4.13636363636364,5.33333333333333,4.9,5.21428571428571,5.91666666666667,5.2,3.75,6.5,2.94444444444444,5.42857142857143,3.04545454545455,2.42857142857143,5,4.23529411764706,1.375,3.33333333333333,5.58333333333333,5.61111111111111,5.42857142857143,5.5,1.44444444444444,5.75,1.5,3.75,0.375,6.14285714285714,4.9,5.66666666666667,4.16666666666667,4.5,6.3,2,5.69230769230769,4.95833333333333,5.27272727272727,3.16666666666667,4.16666666666667,3.15384615384615,0.555555555555556,2.41666666666667,2.75
"#DA0B27",6.27272727272727,6.72222222222222,6.63636363636364,6.41666666666667,6,6.05555555555556,5.84615384615385,4.6,6.6,5.95,6.8,5.6,6.15,5.57142857142857,5.78571428571429,6.2,5.57142857142857,5.78571428571429,6.375,6.8,6.05,6.9,6.45454545454545,5.875,5.57142857142857,6.2,5.75,6.21428571428571,3.6875,5.28571428571429,3.58333333333333,6.22222222222222,5.45833333333333,5.08333333333333,5.6,5.64285714285714,5.25,5.6,5.5625,5.21428571428571,4.64285714285714,5.5,5.76923076923077,3.8125,3.75,3.2,3,4.8,6.5,4.33333333333333,6.22727272727273,5.16666666666667,6.6875,5.33333333333333,2.33333333333333,6.07142857142857,1.7,2.05555555555556,6.75,3.9375,6.59090909090909,2.21428571428571,5.28571428571429,5.25,3.85714285714286,4.36363636363636,5.5,4.625,3.5,5.42857142857143,6.5,1.95,5.875,3.875,4.94444444444444,6.75,6.14285714285714,1,4,2.66666666666667,3.38888888888889,3.3,1.5,6,3.41666666666667,6.7,3.9,4.14285714285714,4.1,4.8,6.25,6.5,3.85714285714286
"#E088A1",6.38461538461539,5.4,6.5,5.90909090909091,5.77777777777778,6.33333333333333,4.92857142857143,5.8125,6.58333333333333,5.3,5.25,6.09090909090909,6.85714285714286,5.85714285714286,6.375,5.6875,4.5,5.3125,5.83333333333333,5.8,6.14285714285714,5.2,5.23076923076923,6.75,4.41666666666667,5.83333333333333,6,4.78571428571429,4.5,5.77777777777778,3.8125,5.0625,4.58333333333333,5.95,4.5,6.5,4.875,5,4.5,5.5,5.35714285714286,5.44444444444444,5.4,6.06666666666667,3.83333333333333,4.25,3.42857142857143,5.4375,4.25,5.22222222222222,5.35714285714286,4.25,4.4375,5,3.11111111111111,5.16666666666667,3.5,3.71428571428571,5.57142857142857,3.91666666666667,4.35714285714286,3.92857142857143,5.41666666666667,6.66666666666667,4.75,4.71428571428571,5,5.11111111111111,2.5,1.9375,4.91666666666667,3,5.1875,2.4,5.25,5.6875,4.9,4,0.416666666666667,2.22222222222222,3.35,2.88888888888889,3.7,5,0.666666666666667,5.125,2.9,4.4375,5.41666666666667,5.35714285714286,5.58333333333333,5,5.1
"#E26164",6.5,5.92857142857143,6.36666666666667,6.35714285714286,6.5625,5.89285714285714,6.25,6.4,6.2,6.25,5.7,6.375,5.95833333333333,5.44444444444444,6.4375,7,5.5,5.94444444444444,6.1,6.875,4.6875,6.42857142857143,4.75,6.22222222222222,4.125,5.72727272727273,5.91666666666667,5.14285714285714,3.4,6.25,3.77777777777778,5.58333333333333,4.5,5.75,5.66666666666667,6.33333333333333,4.38888888888889,5.875,6.08333333333333,5.0625,5.4375,5.41666666666667,6.1,5.875,3.36363636363636,2.91666666666667,3.11111111111111,6.4375,5,5.83333333333333,5,3,5.6,5.4,3.0625,4,2.33333333333333,1.8,5.63636363636364,5.125,6.6,2.78571428571429,4.9375,6.25,4.33333333333333,4.3125,5.81818181818182,5.38888888888889,2.40909090909091,4.4375,6.22222222222222,1.35714285714286,6.22222222222222,2.4375,5.25,4.42857142857143,5.66666666666667,2.66666666666667,2.22222222222222,0.65,4,2.125,2.71428571428571,5.8,4.2,5.64285714285714,3.35714285714286,4.33333333333333,3.25,4.6875,5.04545454545455,6,4.57692307692308
"#E49A5B",6.875,6.21428571428571,4,6.5,5.61538461538461,5.85714285714286,5,6,6,6.375,6,6.70833333333333,6.44444444444444,6.16666666666667,6.3125,6.41666666666667,5.4,6.1,5.6,6.11111111111111,5,5.92857142857143,5.22222222222222,4.5625,6.5,5.53125,6.11111111111111,5.39285714285714,5.125,5.875,4.09090909090909,5.625,6,4.875,5.95,5.72727272727273,4.83333333333333,5,5.66666666666667,5.625,6.07142857142857,4.25,5,3.61111111111111,4.91666666666667,3.9,4.86666666666667,5.375,4.5,4.5,5.33333333333333,5.375,5.6875,5.83333333333333,4.68181818181818,4.08333333333333,4.9,4,6.41666666666667,3.4,5.16666666666667,3.83333333333333,2.83333333333333,5.11111111111111,2.95,2.66666666666667,4.8125,3,4.76923076923077,5.61538461538461,5.1875,4.5,4.4,3.16666666666667,2.94444444444444,5.5,4.16666666666667,3.38888888888889,3.35,4,0.333333333333333,2.875,3.27777777777778,4.25,3,5.13333333333333,3,1.44444444444444,1.5,2.36363636363636,3.375,2.85714285714286,1.77777777777778
"#E67E72",5.83333333333333,5.91666666666667,6,6.16666666666667,6.28571428571429,6.5,5.83333333333333,5.5,6.65,5.8,6.07142857142857,6.625,5.81818181818182,5.57142857142857,6.375,5.9375,4.57142857142857,5.77777777777778,4.66666666666667,6.11538461538461,5.27272727272727,6.15,5.8,5.25,5.4375,5.64285714285714,6.3,5,4.07142857142857,6.16666666666667,3.75,6.0625,4.21428571428571,5.91666666666667,5.28571428571429,5.21428571428571,5.9,6.11111111111111,5.58333333333333,5.16666666666667,5.34615384615385,5,5.36363636363636,3.58333333333333,3.44444444444444,3.625,3.40909090909091,6.22222222222222,5.5,5.11111111111111,5.60714285714286,5,5.625,4.1875,3.28571428571429,4.3,3.6,2.86363636363636,5.1,2.81818181818182,6.125,4,4.92857142857143,5.41666666666667,4.14285714285714,5.1,5.45,5.9,3.3,4.375,5.36363636363636,2.33333333333333,5.75,2.38888888888889,3.85714285714286,4.86363636363636,4.5,3.3,2.88888888888889,2.125,2.875,0.0909090909090909,2.85714285714286,5,3,5.65,2.42857142857143,3.23076923076923,2.96428571428571,4,5.16666666666667,4.5,4.28571428571429
"#E83406",6.13636363636364,5.81818181818182,5.72222222222222,6.5,6.3,6.08333333333333,6.25,6.14285714285714,6,6.44444444444444,6.25,6.1875,5.5,6.1875,6.04545454545455,6.45454545454545,6,6.42307692307692,6.0625,5.66666666666667,6.57142857142857,6.86363636363636,5.9,6.45,6.58333333333333,5.86363636363636,6.35714285714286,5.83333333333333,4.9375,5.7,3.625,6.77777777777778,4.5,6.5,6.22222222222222,6.08333333333333,5.125,6.25,6.0625,6.3,6.05555555555556,6.8,6.21428571428571,4.35714285714286,2.75,3.71428571428571,4.1,6.28571428571429,5.71428571428571,6,6.21428571428571,6,6.16666666666667,5.5,4.1,5.9,3.44444444444444,3.05555555555556,6.04545454545455,3,5.88888888888889,2.16666666666667,4.5,5.71428571428571,4,3.83333333333333,6.22727272727273,6.1875,3.33333333333333,6.33333333333333,6.5,2.66666666666667,5.5,3.33333333333333,4.85714285714286,6.55555555555556,6.3,1.5,3.7,2.71428571428571,3.27777777777778,2.85714285714286,1.95833333333333,4.85,4.7,6.66666666666667,3.42857142857143,4.21428571428571,2.75,4.28571428571429,5.8125,4.71428571428571,3.45454545454545
"#F4D000",6.64285714285714,6.64285714285714,6.4,6.5,6.59090909090909,6.9,6.27777777777778,6.33333333333333,6.5,5.7,5.64285714285714,6.65,5.70833333333333,6.5,6.0625,6.21428571428571,5.77777777777778,4.5,5.5,5.88888888888889,6.03846153846154,6.33333333333333,4.85714285714286,5.64285714285714,5.41666666666667,5.125,4.7,6,6.25,6.07142857142857,5.8,4.3,6.25,6,6.25,5.4,6.65,4.44444444444444,5.14285714285714,6.1875,6.28571428571429,4.66666666666667,3.85714285714286,4.88888888888889,5.78571428571429,5.58333333333333,6.4,4.5625,4.38888888888889,2.92857142857143,6.375,6.5,5.75,5.41666666666667,5.13636363636364,5.5,4.36363636363636,6.2,5.3125,5.25,4.5,5.66666666666667,2.16666666666667,3,3.5,3.91666666666667,2.96153846153846,1.66666666666667,5.625,5.25,3.92857142857143,4.5625,1.57692307692308,4.8,1.5,5.22727272727273,2,6,5,5.8,4.25,5,4.85,0.25,4.91666666666667,5.95,4.05555555555556,2.58333333333333,3.28571428571429,2,0.833333333333333,0.722222222222222,2.4
"#F699A1",6.16666666666667,6.4375,6.1,6,5.85,5.95454545454545,5.875,6.2,6.4375,5.125,6.8125,6.41666666666667,6.22222222222222,5.9,6.44444444444444,5.68181818181818,4.625,6,5.35,2.66666666666667,6.3,6.5625,5.21428571428571,5.64285714285714,5.57142857142857,6.33333333333333,6.33333333333333,5.07142857142857,4.3,4.28571428571429,4.44444444444444,5.66666666666667,4.75,5.6,4.5,5.21428571428571,5.08333333333333,6.68181818181818,5.3,4.6875,4.66666666666667,4.8,6.42857142857143,5.9,4.3125,3.16666666666667,3.83333333333333,5.5,5.75,5.83333333333333,5.3,4.5,6.375,3.95833333333333,3,3.54166666666667,3.58333333333333,3.35714285714286,5.11111111111111,5.4,4.5,3.8125,4.85714285714286,5.83333333333333,5.28571428571429,5.7,4.91666666666667,5.375,1.9375,3.41666666666667,6.375,2,5.6,1.83333333333333,5.25,5.375,5.69230769230769,3.41666666666667,0.666666666666667,4.2,3,3,4.7,4.91666666666667,1.22222222222222,4.83333333333333,2.58333333333333,3.14285714285714,4.68181818181818,3.3125,6,5.44444444444444,5.22222222222222
"#F6F7F1",6.14285714285714,5.9,5.4,6.20833333333333,5.3,6.2,4.66666666666667,4.85714285714286,6.41666666666667,6.5,6.625,5.7,6.21428571428571,6.6,6.9,6.3,5.92857142857143,6.15,5.6,6,6,5.8,6.27777777777778,5.57142857142857,6.5,5.75,5.95833333333333,5.85714285714286,6.5,5,6.625,7,6.375,5.6875,3.66666666666667,6.5,5.25,6.33333333333333,4.77777777777778,5.6,6,5.5,5.72727272727273,6.83333333333333,5.7,6.22727272727273,6.58333333333333,4.0625,4.875,6.5,4,6.04545454545455,3.92857142857143,6.16666666666667,5.83333333333333,5.41666666666667,6.16666666666667,6,1.9375,6.38888888888889,4.375,7,5.81818181818182,6.28571428571429,6.08333333333333,6.4,4.125,5.88888888888889,5.44444444444444,5.77777777777778,2.04545454545455,5.625,5.27777777777778,5.5,2.9,0.277777777777778,4.95833333333333,6.7,5.125,5.64285714285714,5.13333333333333,5.65,6.66666666666667,5.95,4.83333333333333,0,3.5,3.77777777777778,6.83333333333333,6.58333333333333,3.6875,3.66666666666667,6.64285714285714
"#FAAF99",6.53846153846154,6.25,5.07692307692308,6.71428571428571,6.03846153846154,6.44444444444444,5.5,5.92857142857143,6.07142857142857,5.55,5.91666666666667,6.5,5.92857142857143,6.375,6.5625,6.1,5.6,5.55555555555556,5.83333333333333,5.25,5.4,5.5,5.9375,6.125,6.9,6.1,5.08333333333333,5.14285714285714,4.64285714285714,6.05555555555556,4.03846153846154,5.4375,4.9,6.375,6,6,5.1,5.0625,5.9,4.71428571428571,5.86363636363636,5,5.41666666666667,4.83333333333333,4.44444444444444,4.05555555555556,3.16666666666667,4.7,5.33333333333333,5.92857142857143,5.5,4.66666666666667,4.6,5.04545454545455,3.6,3.4375,4.35,2.41666666666667,4.05555555555556,3.5,5.68181818181818,3.58333333333333,5.07142857142857,5.16666666666667,3.85714285714286,5.5,5.125,4,3.28571428571429,3.5,4.4,3.05555555555556,5.25,2.36363636363636,4.64285714285714,5.07692307692308,5.27272727272727,3.9,2.9,3.35714285714286,3,2.42857142857143,3.42857142857143,4.05555555555556,2.58333333333333,3.5,0,1.66666666666667,2.16666666666667,3.57142857142857,3.64285714285714,4.40909090909091,3.78571428571429
"#FAC88D",6.1,6.16666666666667,5.75,6.0625,6.5,5.61111111111111,3.33333333333333,5.83333333333333,5.85,5.875,6.07142857142857,6.2,4.5625,6.75,6.875,6,6,6.35714285714286,6,5.9375,5.33333333333333,6.18181818181818,5,5.9,6.42307692307692,6.64285714285714,5.92857142857143,5.58333333333333,5,5.6,5.22222222222222,5.86363636363636,5.66666666666667,5.83333333333333,5.33333333333333,4.25,6.28571428571429,5.25,4.95454545454545,5.91666666666667,4.33333333333333,5.91666666666667,5.3125,3.81818181818182,4.94444444444444,5.29166666666667,5.64285714285714,4.08333333333333,5.125,5.08333333333333,5.05,5.30769230769231,5.35714285714286,5.41666666666667,4.55,4.90909090909091,6.21428571428571,4.875,5.15384615384615,3.0625,4.9,5.58333333333333,3.8,4.54545454545455,3.72222222222222,2.94444444444444,4.125,3.81818181818182,5.29166666666667,4.6875,3.8125,4.58333333333333,4.125,3.64285714285714,3.375,3.33333333333333,3.16666666666667,4.14285714285714,4.4375,4.33333333333333,1.44444444444444,3.23076923076923,4.21428571428571,2.58333333333333,3.14285714285714,3.77777777777778,1.66666666666667,0.40625,3.5,2.2,2.33333333333333,3.57142857142857,2.9375
"#FB702E",7,6.42307692307692,5.69230769230769,6.28571428571429,6.66666666666667,5.7,6.5,5.76923076923077,6,6.07142857142857,6.4,5.44444444444444,6.5,5.53846153846154,6.375,6.83333333333333,6.57142857142857,6.5,5.78571428571429,4.4,6.1875,5.5,4.125,6.4,6.125,6.25,5.76923076923077,6.27777777777778,5.27777777777778,6,5.27272727272727,5.75,5.92857142857143,6.25,6.875,5.88888888888889,6.27777777777778,5.5,6.41666666666667,5.25,5.91666666666667,5.6,5.1,3.25,3.5625,5.1,5.63636363636364,5.78571428571429,5.35714285714286,5.7,6.22222222222222,5.75,6.25,6.57142857142857,3.5625,5.28571428571429,4.38888888888889,5.08333333333333,5.91666666666667,2.5625,6.42857142857143,3.59090909090909,3.85714285714286,4.88888888888889,3.25,3.38888888888889,5.85714285714286,4,4.35,5.9,6.35,4.92857142857143,5,3.64285714285714,5.33333333333333,5.5,4.16666666666667,4.1,5.41666666666667,3.25,1.5,2.96428571428571,2.75,3.28571428571429,4.68181818181818,6.83333333333333,2.16666666666667,3.5,0.227272727272727,1.3,3.91666666666667,3.71428571428571,1.625
"#FBA628",6.55,5.1,6.5,6.38888888888889,5.91666666666667,6.5,5.85714285714286,6.375,6.25,6.33333333333333,6.35714285714286,6.5,6.125,6.58333333333333,6.5625,6.5,6.4,6.07142857142857,6.22222222222222,6.38888888888889,5.61111111111111,5.57142857142857,5.41666666666667,5.75,3.5,5.33333333333333,6,6.16666666666667,6,6.33333333333333,5.35,6.15,6.5,5.72222222222222,5.95,5.91666666666667,6.41666666666667,4.55555555555556,5.64285714285714,6.2,6.31818181818182,5.41666666666667,4.8,4.75,4.75,5,6.58333333333333,5.125,5.0625,5.07142857142857,4.41666666666667,6,4.9,6.41666666666667,5.15,5.63636363636364,5.11111111111111,6.1875,6.41666666666667,3.33333333333333,5.05,4.85714285714286,2.72727272727273,3.125,2.83333333333333,2.5,3.58333333333333,2.57142857142857,5.5,5.25,5.7,5.5,3.8,6.25,2.28571428571429,4.25,3.15384615384615,4.8,5.35714285714286,4.6875,2.36363636363636,4,4.28571428571429,2,3.3125,6.58333333333333,3.57142857142857,2.2,1.3,0.0625,1.85714285714286,2.5,2.07142857142857
"#FBEC77",6.9,5.33333333333333,6.57142857142857,5.16666666666667,6.16666666666667,5.77272727272727,5.7,5.83333333333333,6.5,6.7,5.125,5.8125,4.25,6,5.25,6.82352941176471,6.4,5.1,5.85,5.6,6.2,5.4,6.28571428571429,6,5.9,4.875,5,6,6.1,5.83333333333333,6.71428571428571,5.42857142857143,6.14285714285714,5.11538461538461,5.38888888888889,5.125,6.04545454545455,4,4.4375,5.55555555555556,6.41666666666667,4.77777777777778,4.85,4.95454545454545,5.59090909090909,6,6.16666666666667,4.125,5.16666666666667,3.42857142857143,5.28571428571429,5.95,5.3125,6.15,5.2,5.33333333333333,5.33333333333333,5.54545454545455,3.8,4.75,4.5,5.75,2.8,2.61111111111111,4.35714285714286,4.15384615384615,1.9,2.65,5.83333333333333,5.4,5.375,5.5,2.0625,5.625,1.25,4.05555555555556,0.555555555555556,6.25,5.58333333333333,5.04545454545455,3.375,5.16666666666667,5.8125,0.833333333333333,6,3.6875,3.64285714285714,2.33333333333333,3.91666666666667,1.85714285714286,0.1875,1.125,4
"#FCDD2A",5.66666666666667,6,6.66666666666667,6.375,6.3,5.8,5.1875,6.5625,5.5,5.61111111111111,6.08333333333333,6.64285714285714,6.4,6.63636363636364,5.55555555555556,6.3,6.5,4.625,4.9,6.05555555555556,6.0625,4.64285714285714,5.9375,6.33333333333333,6.27777777777778,5.7,3.66666666666667,5.6,6.71428571428571,5.79166666666667,5.85714285714286,5.75,5.88461538461539,6.25,6,4.33333333333333,7,4.0625,5.6,5.8,6.11111111111111,5.88888888888889,4,4.7,5.95833333333333,6.22222222222222,6.27777777777778,4.91666666666667,5.05555555555556,4,5.8,6.40909090909091,6.16666666666667,6.07142857142857,5.5,5.5,6.2,6.57142857142857,4.875,4.9375,4.3,6.42857142857143,3.125,2.33333333333333,3.75,4,3.66666666666667,2.38888888888889,5.875,5.83333333333333,5.16666666666667,6,1.57142857142857,5.83333333333333,1.7,4.33333333333333,2.41666666666667,6.5,5,6,2.85714285714286,4.5,4.71428571428571,0.722222222222222,5.44444444444444,3.66666666666667,4.40909090909091,3.57142857142857,3.71428571428571,2.5,1.125,0.25,2.8
"#FF8F00",6.38888888888889,5.68181818181818,6,5.95,5.42857142857143,5.75,6.28571428571429,6.33333333333333,6.83333333333333,6.16666666666667,6.5,6.54545454545455,6.125,7,6.35,6.42857142857143,5.4,6.5,6.625,5.6875,6.11111111111111,6.375,5.1875,6.22727272727273,6.5,4.875,5.375,6.05555555555556,5.66666666666667,6,5.5,5.86363636363636,5.9,6.33333333333333,5.9,6.54545454545455,6,5.35,6.75,5.33333333333333,6.4,6.25,6,3.375,4.5625,5.33333333333333,6,6,5.33333333333333,5.45454545454545,4.91666666666667,5.88461538461539,5.11111111111111,5.38888888888889,5.92857142857143,5.14285714285714,5.5,6,5.57142857142857,4.6,5.92857142857143,4.83333333333333,3.07142857142857,6.83333333333333,3,2.58333333333333,4.8,2.875,5.5,5.91666666666667,5.59090909090909,4.22222222222222,4.27272727272727,4.04545454545455,2,5.9,2.75,3.85714285714286,5.1,4.57692307692308,1.77777777777778,4.28571428571429,3.45454545454545,2.4,5.22222222222222,6.64285714285714,3.78571428571429,2.9375,1.625,2.07142857142857,4,2.8,0.6
